file	function	option_name	values_seen	branch_evidence_lines	state_mutation	ayanamsa_touchpoint	anchor_id
Engine-49	not_found	ayanamsa	not_found_in_dhasa_engine	L2	none	none	DS32
src/jhora/horoscope/chart/charts.py	_amsa	divisional_chart_factor	parameter_only	L1858,L1862,L1875,L1878,L1882,L1886,L1890,L1893,L1903,L1906,L1911	local_recompute	none	DS900
src/jhora/horoscope/chart/charts.py	_amsa._get_amsa_index_from_longitude	divisional_chart_factor	parameter_only	L1865	local_recompute	none	DS900
src/jhora/horoscope/chart/charts.py	_amsa_d150	divisional_chart_factor	parameter_only	L2219,L2222	local_recompute	none	DS900
src/jhora/horoscope/chart/charts.py	_vaiseshikamsa_bala_of_planets	divisional_chart_factor	parameter_only	L1256	local_recompute	none	DS900
src/jhora/horoscope/chart/charts.py	_varnada_lagna_bv_raman	divisional_chart_factor	parameter_only	L1581,L1590,L1596	local_recompute	none	DS900
src/jhora/horoscope/chart/charts.py	_varnada_lagna_jha_pandey	divisional_chart_factor	parameter_only	L1464,L1468,L1477,L1489	local_recompute	none	DS900
src/jhora/horoscope/chart/charts.py	_varnada_lagna_jha_pandey_mixed_chart	divisional_chart_factor	parameter_only	L1462	local_recompute	none	DS900
src/jhora/horoscope/chart/charts.py	_varnada_lagna_sanjay_rath	divisional_chart_factor	parameter_only	L1406,L1410,L1416,L1438	local_recompute	none	DS900
src/jhora/horoscope/chart/charts.py	_varnada_lagna_sanjay_rath_mixed_chart	divisional_chart_factor	parameter_only	L1403	local_recompute	none	DS900
src/jhora/horoscope/chart/charts.py	_varnada_lagna_santhanam	divisional_chart_factor	parameter_only	L1609,L1618	none	none	DS900
src/jhora/horoscope/chart/charts.py	_varnada_lagna_sharma	divisional_chart_factor	parameter_only	L1637,L1648,L1654	local_recompute	none	DS900
src/jhora/horoscope/chart/charts.py	_vimsopaka_bala_of_planets	divisional_chart_factor	parameter_only	L1275	local_recompute	none	DS900
src/jhora/horoscope/chart/charts.py	benefics	divisional_chart_factor	parameter_only	L1722,L1741	none	none	DS900
src/jhora/horoscope/chart/charts.py	benefics_and_malefics	divisional_chart_factor	parameter_only	L1666,L1696	local_recompute	none	DS900
src/jhora/horoscope/chart/charts.py	custom_divisional_chart	divisional_chart_factor	parameter_only	L1012	local_recompute	none	DS900
src/jhora/horoscope/chart/charts.py	divisional_chart	divisional_chart_factor	parameter_only	L1081,L1099,L1121	local_recompute	none	DS900
src/jhora/horoscope/chart/charts.py	divisional_positions_from_rasi_positions	divisional_chart_factor	1	L1066,L1068,L1071,L1074,L1075	none	none	DS900
src/jhora/horoscope/chart/charts.py	malefics	divisional_chart_factor	parameter_only	L1743,L1762	none	none	DS900
src/jhora/horoscope/chart/charts.py	nadiamsa_chart	divisional_chart_factor	parameter_only	L1010	none	none	DS900
src/jhora/horoscope/chart/charts.py	next_conjunction_of_planet_pair_divisional_chart	divisional_chart_factor	parameter_only	L2122,L2151,L2154,L2165,L2168,L2178,L2181,L2192,L2195	local_recompute	none	DS900
src/jhora/horoscope/chart/charts.py	next_planet_entry_date_divisional_chart	divisional_chart_factor	parameter_only	L2013,L2029,L2033,L2035,L2052,L2059,L2065	local_recompute	none	DS900
src/jhora/horoscope/chart/charts.py	previous_planet_entry_date_divisional_chart	divisional_chart_factor	parameter_only	L2007,L2009	none	none	DS900
src/jhora/horoscope/chart/charts.py	rasi_chart	divisional_chart_factor	parameter_only	L100,L104	local_recompute	none	DS900
src/jhora/horoscope/chart/charts.py	solar_upagraha_longitudes	divisional_chart_factor	parameter_only	L1843,L1857	local_recompute	none	DS900
src/jhora/horoscope/chart/charts.py	special_lagna_longitudes	divisional_chart_factor	1	L1834,L1841	local_recompute	none	DS900
src/jhora/horoscope/chart/charts.py	special_planet_longitudes	divisional_chart_factor	1	L1807,L1824,L1825,L1828,L1829	local_recompute	none	DS900
src/jhora/horoscope/chart/charts.py	varnada_lagna	divisional_chart_factor	parameter_only	L1528,L1551,L1555,L1559,L1563	none	none	DS900
src/jhora/horoscope/chart/charts.py	varnada_lagna_mixed_chart	divisional_chart_factor	parameter_only	L1491	none	none	DS900
src/jhora/horoscope/chart/charts.py	vimsamsavarga_of_planets	divisional_chart_factor	parameter_only	L1367	local_recompute	none	DS900
src/jhora/horoscope/chart/house.py	chara_karakas	divisional_chart_factor	parameter_only	L187	local_recompute	none	DS900
src/jhora/horoscope/chart/house.py	longevity	divisional_chart_factor	parameter_only	L1098,L1100,L1124	local_recompute	none	DS900
src/jhora/horoscope/chart/house.py	maheshwara	divisional_chart_factor	parameter_only	L1089,L1095	local_recompute	none	DS900
src/jhora/horoscope/chart/house.py	maheshwara_from_planet_positions	divisional_chart_factor	parameter_only	L1060	local_recompute	none	DS900
src/jhora/horoscope/chart/house.py	rudra_based_on_planet_positions	divisional_chart_factor	parameter_only	L994,L996	local_recompute	none	DS900
src/jhora/horoscope/dhasa/annual/mudda.py	mudda_dhasa_bhukthi	divisional_chart_factor	parameter_only	L148,L149	none	none	DS900
src/jhora/horoscope/dhasa/annual/mudda.py	mudda_dhasa_bhukthi	include_antardhasa	parameter_only	L148	none	none	DS900
src/jhora/horoscope/dhasa/annual/mudda.py	varsha_vimsottari_dasha_start_date	divisional_chart_factor	parameter_only	L43,L47	local_recompute	none	DS900
src/jhora/horoscope/dhasa/annual/mudda.py	varsha_vimsottari_dasha_start_date	star_position_from_moon	parameter_only	L43	local_recompute	none	DS900
src/jhora/horoscope/dhasa/annual/mudda.py	varsha_vimsottari_dhasa_bhukthi	divisional_chart_factor	parameter_only	L122,L132	local_recompute	none	DS900
src/jhora/horoscope/dhasa/annual/mudda.py	varsha_vimsottari_dhasa_bhukthi	include_antardhasa	truthy/falsy	L122,L137	local_recompute	none	DS900
src/jhora/horoscope/dhasa/annual/mudda.py	varsha_vimsottari_mahadasa	divisional_chart_factor	parameter_only	L59,L62	local_recompute	none	DS900
src/jhora/horoscope/dhasa/annual/patyayini.py	patyayini_dhasa	divisional_chart_factor	parameter_only	L24	local_recompute	none	DS900
src/jhora/horoscope/dhasa/graha/aayu.py	_lagna_longevity	divisional_chart_factor	parameter_only	L385,L389	local_recompute	none	DS900
src/jhora/horoscope/dhasa/graha/aayu.py	amsayu_dhasa_bhukthi	divisional_chart_factor	parameter_only	L490,L493	none	none	DS900
src/jhora/horoscope/dhasa/graha/aayu.py	amsayu_dhasa_bhukthi	include_antardhasa	parameter_only	L489,L491	none	none	DS900
src/jhora/horoscope/dhasa/graha/aayu.py	get_dhasa_antardhasa	divisional_chart_factor	parameter_only	L410,L433	local_recompute	none	DS900
src/jhora/horoscope/dhasa/graha/aayu.py	get_dhasa_antardhasa	include_antardhasa	truthy/falsy	L409,L418,L419,L466	local_recompute	none	DS900
src/jhora/horoscope/dhasa/graha/aayu.py	longevity	include_antardhasa	parameter_only	L495	local_recompute	none	DS900
src/jhora/horoscope/dhasa/graha/aayu.py	nisargayu_dhasa_bhukthi	divisional_chart_factor	parameter_only	L485,L488	none	none	DS900
src/jhora/horoscope/dhasa/graha/aayu.py	nisargayu_dhasa_bhukthi	include_antardhasa	parameter_only	L484,L486	none	none	DS900
src/jhora/horoscope/dhasa/graha/aayu.py	pindayu_dhasa_bhukthi	divisional_chart_factor	parameter_only	L480,L483	none	none	DS900
src/jhora/horoscope/dhasa/graha/aayu.py	pindayu_dhasa_bhukthi	include_antardhasa	parameter_only	L479,L481	none	none	DS900
src/jhora/horoscope/dhasa/graha/applicability.py	applicability_check	divisional_chart_factor	parameter_only	L26,L28,L36,L40	local_recompute	none	DS900
src/jhora/horoscope/dhasa/graha/ashtottari.py	_get_dhasa_dict	seed_star	6	L48,L49	local_recompute	none	DS900
src/jhora/horoscope/dhasa/graha/ashtottari.py	ashtottari_bhukthi	antardhasa_option	1,3,4,5,6	L133,L138,L140,L142	local_recompute	none	DS900
src/jhora/horoscope/dhasa/graha/ashtottari.py	ashtottari_dasha_start_date	dhasa_starting_planet	1,const._ascendant_symbol	L70,L77,L79,L81,L84,L87,L90,L93,L96,L101	local_recompute	none	DS900
src/jhora/horoscope/dhasa/graha/ashtottari.py	ashtottari_dasha_start_date	divisional_chart_factor	parameter_only	L69,L75,L82,L85,L88,L91,L94,L97	local_recompute	none	DS900
src/jhora/horoscope/dhasa/graha/ashtottari.py	ashtottari_dasha_start_date	star_position_from_moon	parameter_only	L69	local_recompute	none	DS900
src/jhora/horoscope/dhasa/graha/ashtottari.py	ashtottari_mahadasa	dhasa_starting_planet	parameter_only	L118,L125	local_recompute	none	DS900
src/jhora/horoscope/dhasa/graha/ashtottari.py	ashtottari_mahadasa	divisional_chart_factor	parameter_only	L117,L123	local_recompute	none	DS900
src/jhora/horoscope/dhasa/graha/ashtottari.py	ashtottari_mahadasa	star_position_from_moon	parameter_only	L117,L124	local_recompute	none	DS900
src/jhora/horoscope/dhasa/graha/ashtottari.py	get_ashtottari_dhasa_bhukthi	antardhasa_option	parameter_only	L169	local_recompute	none	DS900
src/jhora/horoscope/dhasa/graha/ashtottari.py	get_ashtottari_dhasa_bhukthi	dhasa_starting_planet	parameter_only	L169,L209	local_recompute	none	DS900
src/jhora/horoscope/dhasa/graha/ashtottari.py	get_ashtottari_dhasa_bhukthi	divisional_chart_factor	parameter_only	L167,L207	local_recompute	none	DS900
src/jhora/horoscope/dhasa/graha/ashtottari.py	get_ashtottari_dhasa_bhukthi	include_antardhasa	truthy/falsy	L168,L214	local_recompute	none	DS900
src/jhora/horoscope/dhasa/graha/ashtottari.py	get_ashtottari_dhasa_bhukthi	seed_star	parameter_only	L169	local_recompute	none	DS900
src/jhora/horoscope/dhasa/graha/ashtottari.py	get_ashtottari_dhasa_bhukthi	star_position_from_moon	parameter_only	L167,L208	local_recompute	none	DS900
src/jhora/horoscope/dhasa/graha/ashtottari.py	get_ashtottari_dhasa_bhukthi	use_tribhagi_variation	truthy/falsy	L168,L201	global_mutation	none	DS900
src/jhora/horoscope/dhasa/graha/buddhi_gathi.py	get_dhasa_bhukthi	divisional_chart_factor	parameter_only	L24,L43	local_recompute	none	DS900
src/jhora/horoscope/dhasa/graha/buddhi_gathi.py	get_dhasa_bhukthi	include_antardhasa	truthy/falsy	L25,L38,L39,L68	local_recompute	none	DS900
src/jhora/horoscope/dhasa/graha/chathuraaseethi_sama.py	_antardhasa	antardhasa_option	1,3,4,5,6	L61,L62,L64,L66	local_recompute	none	DS900
src/jhora/horoscope/dhasa/graha/chathuraaseethi_sama.py	_dhasa_start	dhasa_starting_planet	1,const._ascendant_symbol	L73,L80,L82,L84,L87,L90,L93,L96,L99,L104	local_recompute	none	DS900
src/jhora/horoscope/dhasa/graha/chathuraaseethi_sama.py	_dhasa_start	divisional_chart_factor	parameter_only	L72,L78,L85,L88,L91,L94,L97,L100	local_recompute	none	DS900
src/jhora/horoscope/dhasa/graha/chathuraaseethi_sama.py	_dhasa_start	seed_star	parameter_only	L73	local_recompute	none	DS900
src/jhora/horoscope/dhasa/graha/chathuraaseethi_sama.py	_dhasa_start	star_position_from_moon	parameter_only	L72	local_recompute	none	DS900
src/jhora/horoscope/dhasa/graha/chathuraaseethi_sama.py	_get_dhasa_dict	seed_star	parameter_only	L45	local_recompute	none	DS900
src/jhora/horoscope/dhasa/graha/chathuraaseethi_sama.py	_maha_dhasa	seed_star	parameter_only	L58	local_recompute	none	DS900
src/jhora/horoscope/dhasa/graha/chathuraaseethi_sama.py	get_dhasa_bhukthi	antardhasa_option	parameter_only	L116	local_recompute	none	DS900
src/jhora/horoscope/dhasa/graha/chathuraaseethi_sama.py	get_dhasa_bhukthi	dhasa_starting_planet	parameter_only	L116,L152	local_recompute	none	DS900
src/jhora/horoscope/dhasa/graha/chathuraaseethi_sama.py	get_dhasa_bhukthi	divisional_chart_factor	parameter_only	L114,L150	local_recompute	none	DS900
src/jhora/horoscope/dhasa/graha/chathuraaseethi_sama.py	get_dhasa_bhukthi	include_antardhasa	truthy/falsy	L114,L157	local_recompute	none	DS900
src/jhora/horoscope/dhasa/graha/chathuraaseethi_sama.py	get_dhasa_bhukthi	seed_star	parameter_only	L116,L152	local_recompute	none	DS900
src/jhora/horoscope/dhasa/graha/chathuraaseethi_sama.py	get_dhasa_bhukthi	star_position_from_moon	parameter_only	L115,L151	local_recompute	none	DS900
src/jhora/horoscope/dhasa/graha/chathuraaseethi_sama.py	get_dhasa_bhukthi	use_tribhagi_variation	truthy/falsy	L115,L147	local_recompute	none	DS900
src/jhora/horoscope/dhasa/graha/dwadasottari.py	_antardhasa	antardhasa_option	1,3,4,5,6	L56,L58,L60,L62	local_recompute	none	DS900
src/jhora/horoscope/dhasa/graha/dwadasottari.py	_dhasa_start	dhasa_starting_planet	1,const._ascendant_symbol	L69,L76,L78,L80,L83,L86,L89,L92,L95,L100	local_recompute	none	DS900
src/jhora/horoscope/dhasa/graha/dwadasottari.py	_dhasa_start	divisional_chart_factor	parameter_only	L68,L74,L81,L84,L87,L90,L93,L96	local_recompute	none	DS900
src/jhora/horoscope/dhasa/graha/dwadasottari.py	_dhasa_start	seed_star	parameter_only	L69	local_recompute	none	DS900
src/jhora/horoscope/dhasa/graha/dwadasottari.py	_dhasa_start	star_position_from_moon	parameter_only	L68	local_recompute	none	DS900
src/jhora/horoscope/dhasa/graha/dwadasottari.py	_get_dhasa_dict	seed_star	parameter_only	L40	local_recompute	none	DS900
src/jhora/horoscope/dhasa/graha/dwadasottari.py	_maha_dhasa	seed_star	parameter_only	L53	local_recompute	none	DS900
src/jhora/horoscope/dhasa/graha/dwadasottari.py	get_dhasa_bhukthi	antardhasa_option	parameter_only	L110,L152	local_recompute	none	DS900
src/jhora/horoscope/dhasa/graha/dwadasottari.py	get_dhasa_bhukthi	dhasa_starting_planet	parameter_only	L110,L146	local_recompute	none	DS900
src/jhora/horoscope/dhasa/graha/dwadasottari.py	get_dhasa_bhukthi	divisional_chart_factor	parameter_only	L110,L145	local_recompute	none	DS900
src/jhora/horoscope/dhasa/graha/dwadasottari.py	get_dhasa_bhukthi	include_antardhasa	truthy/falsy	L109,L151	local_recompute	none	DS900
src/jhora/horoscope/dhasa/graha/dwadasottari.py	get_dhasa_bhukthi	seed_star	parameter_only	L110,L146	local_recompute	none	DS900
src/jhora/horoscope/dhasa/graha/dwadasottari.py	get_dhasa_bhukthi	star_position_from_moon	parameter_only	L109,L144	local_recompute	none	DS900
src/jhora/horoscope/dhasa/graha/dwadasottari.py	get_dhasa_bhukthi	use_tribhagi_variation	truthy/falsy	L109,L141	local_recompute	none	DS900
src/jhora/horoscope/dhasa/graha/dwisatpathi.py	_antardhasa	antardhasa_option	1,3,4,5,6	L58,L60,L62,L64	local_recompute	none	DS900
src/jhora/horoscope/dhasa/graha/dwisatpathi.py	_dhasa_start	dhasa_starting_planet	1,const._ascendant_symbol	L71,L78,L80,L82,L85,L88,L91,L94,L97,L102	local_recompute	none	DS900
src/jhora/horoscope/dhasa/graha/dwisatpathi.py	_dhasa_start	divisional_chart_factor	parameter_only	L70,L76,L83,L86,L89,L92,L95,L98	local_recompute	none	DS900
src/jhora/horoscope/dhasa/graha/dwisatpathi.py	_dhasa_start	seed_star	parameter_only	L71	local_recompute	none	DS900
src/jhora/horoscope/dhasa/graha/dwisatpathi.py	_dhasa_start	star_position_from_moon	parameter_only	L70	local_recompute	none	DS900
src/jhora/horoscope/dhasa/graha/dwisatpathi.py	_get_dhasa_dict	seed_star	parameter_only	L42	local_recompute	none	DS900
src/jhora/horoscope/dhasa/graha/dwisatpathi.py	_maha_dhasa	seed_star	parameter_only	L55	local_recompute	none	DS900
src/jhora/horoscope/dhasa/graha/dwisatpathi.py	get_dhasa_bhukthi	antardhasa_option	parameter_only	L113	local_recompute	none	DS900
src/jhora/horoscope/dhasa/graha/dwisatpathi.py	get_dhasa_bhukthi	dhasa_starting_planet	parameter_only	L113,L149	local_recompute	none	DS900
src/jhora/horoscope/dhasa/graha/dwisatpathi.py	get_dhasa_bhukthi	divisional_chart_factor	parameter_only	L113,L148	local_recompute	none	DS900
src/jhora/horoscope/dhasa/graha/dwisatpathi.py	get_dhasa_bhukthi	include_antardhasa	truthy/falsy	L112,L154	local_recompute	none	DS900
src/jhora/horoscope/dhasa/graha/dwisatpathi.py	get_dhasa_bhukthi	seed_star	parameter_only	L113,L149	local_recompute	none	DS900
src/jhora/horoscope/dhasa/graha/dwisatpathi.py	get_dhasa_bhukthi	star_position_from_moon	parameter_only	L112,L147	local_recompute	none	DS900
src/jhora/horoscope/dhasa/graha/dwisatpathi.py	get_dhasa_bhukthi	use_tribhagi_variation	truthy/falsy	L112,L144	local_recompute	none	DS900
src/jhora/horoscope/dhasa/graha/kaala.py	get_dhasa_antardhasa	divisional_chart_factor	parameter_only	L62	local_recompute	none	DS900
src/jhora/horoscope/dhasa/graha/kaala.py	get_dhasa_antardhasa	include_antardhasa	truthy/falsy	L62,L74,L75,L85,L109	local_recompute	none	DS900
src/jhora/horoscope/dhasa/graha/karaka.py	get_dhasa_antardhasa	divisional_chart_factor	parameter_only	L27,L46	local_recompute	none	DS900
src/jhora/horoscope/dhasa/graha/karaka.py	get_dhasa_antardhasa	include_antardhasa	truthy/falsy	L28,L41,L42,L58	local_recompute	none	DS900
src/jhora/horoscope/dhasa/graha/karana_chathuraaseethi_sama.py	_antardhasa	antardhasa_option	1,3,4,5,6	L41,L43,L45,L47	local_recompute	none	DS900
src/jhora/horoscope/dhasa/graha/karana_chathuraaseethi_sama.py	get_dhasa_bhukthi	antardhasa_option	parameter_only	L62	local_recompute	none	DS900
src/jhora/horoscope/dhasa/graha/karana_chathuraaseethi_sama.py	get_dhasa_bhukthi	divisional_chart_factor	parameter_only	L62	local_recompute	none	DS900
src/jhora/horoscope/dhasa/graha/karana_chathuraaseethi_sama.py	get_dhasa_bhukthi	include_antardhasa	truthy/falsy	L61,L69,L70,L83	local_recompute	none	DS900
src/jhora/horoscope/dhasa/graha/karana_chathuraaseethi_sama.py	get_dhasa_bhukthi	use_tribhagi_variation	truthy/falsy	L61,L75	local_recompute	none	DS900
src/jhora/horoscope/dhasa/graha/naisargika.py	get_dhasa_bhukthi	antardhasa_option	parameter_only	L51,L53	local_recompute	none	DS900
src/jhora/horoscope/dhasa/graha/naisargika.py	get_dhasa_bhukthi	divisional_chart_factor	parameter_only	L28,L56	local_recompute	none	DS900
src/jhora/horoscope/dhasa/graha/naisargika.py	get_dhasa_bhukthi	include_antardhasa	truthy/falsy	L29,L46,L47,L71	local_recompute	none	DS900
src/jhora/horoscope/dhasa/graha/panchottari.py	_antardhasa	antardhasa_option	1,3,4,5,6	L56,L58,L60,L62	local_recompute	none	DS900
src/jhora/horoscope/dhasa/graha/panchottari.py	_dhasa_start	dhasa_starting_planet	1,const._ascendant_symbol	L69,L76,L78,L80,L83,L86,L89,L92,L95,L100	local_recompute	none	DS900
src/jhora/horoscope/dhasa/graha/panchottari.py	_dhasa_start	divisional_chart_factor	parameter_only	L68,L74,L81,L84,L87,L90,L93,L96	local_recompute	none	DS900
src/jhora/horoscope/dhasa/graha/panchottari.py	_dhasa_start	seed_star	parameter_only	L68	local_recompute	none	DS900
src/jhora/horoscope/dhasa/graha/panchottari.py	_dhasa_start	star_position_from_moon	parameter_only	L68	local_recompute	none	DS900
src/jhora/horoscope/dhasa/graha/panchottari.py	_get_dhasa_dict	seed_star	parameter_only	L40	local_recompute	none	DS900
src/jhora/horoscope/dhasa/graha/panchottari.py	_maha_dhasa	seed_star	parameter_only	L53	local_recompute	none	DS900
src/jhora/horoscope/dhasa/graha/panchottari.py	get_dhasa_bhukthi	antardhasa_option	parameter_only	L110,L125	local_recompute	none	DS900
src/jhora/horoscope/dhasa/graha/panchottari.py	get_dhasa_bhukthi	dhasa_starting_planet	parameter_only	L110,L144	local_recompute	none	DS900
src/jhora/horoscope/dhasa/graha/panchottari.py	get_dhasa_bhukthi	divisional_chart_factor	parameter_only	L110,L143	local_recompute	none	DS900
src/jhora/horoscope/dhasa/graha/panchottari.py	get_dhasa_bhukthi	include_antardhasa	truthy/falsy	L109,L149	local_recompute	none	DS900
src/jhora/horoscope/dhasa/graha/panchottari.py	get_dhasa_bhukthi	seed_star	parameter_only	L110,L144	local_recompute	none	DS900
src/jhora/horoscope/dhasa/graha/panchottari.py	get_dhasa_bhukthi	star_position_from_moon	parameter_only	L109,L142	local_recompute	none	DS900
src/jhora/horoscope/dhasa/graha/panchottari.py	get_dhasa_bhukthi	use_rasi_bhukthi_variation	parameter_only	L125	local_recompute	none	DS900
src/jhora/horoscope/dhasa/graha/panchottari.py	get_dhasa_bhukthi	use_tribhagi_variation	truthy/falsy	L109,L139	local_recompute	none	DS900
src/jhora/horoscope/dhasa/graha/saptharishi_nakshathra.py	_antardhasa	antardhasa_option	1,3,4,5,6	L36,L39,L41,L43	local_recompute	none	DS900
src/jhora/horoscope/dhasa/graha/saptharishi_nakshathra.py	_dhasa_progression	dhasa_starting_planet	1,const._ascendant_symbol	L51,L58,L60,L62,L65,L68,L71,L74,L77,L82	local_recompute	none	DS900
src/jhora/horoscope/dhasa/graha/saptharishi_nakshathra.py	_dhasa_progression	divisional_chart_factor	parameter_only	L50,L56,L63,L66,L69,L72,L75,L78	local_recompute	none	DS900
src/jhora/horoscope/dhasa/graha/saptharishi_nakshathra.py	_dhasa_progression	star_position_from_moon	parameter_only	L50	local_recompute	none	DS900
src/jhora/horoscope/dhasa/graha/saptharishi_nakshathra.py	get_dhasa_bhukthi	antardhasa_option	parameter_only	L89	local_recompute	none	DS900
src/jhora/horoscope/dhasa/graha/saptharishi_nakshathra.py	get_dhasa_bhukthi	dhasa_starting_planet	parameter_only	L89	local_recompute	none	DS900
src/jhora/horoscope/dhasa/graha/saptharishi_nakshathra.py	get_dhasa_bhukthi	divisional_chart_factor	parameter_only	L87	local_recompute	none	DS900
src/jhora/horoscope/dhasa/graha/saptharishi_nakshathra.py	get_dhasa_bhukthi	include_antardhasa	truthy/falsy	L87,L133	local_recompute	none	DS900
src/jhora/horoscope/dhasa/graha/saptharishi_nakshathra.py	get_dhasa_bhukthi	seed_star	parameter_only	L87	local_recompute	none	DS900
src/jhora/horoscope/dhasa/graha/saptharishi_nakshathra.py	get_dhasa_bhukthi	star_position_from_moon	parameter_only	L88	local_recompute	none	DS900
src/jhora/horoscope/dhasa/graha/saptharishi_nakshathra.py	get_dhasa_bhukthi	use_tribhagi_variation	truthy/falsy	L88,L121	global_mutation	none	DS900
src/jhora/horoscope/dhasa/graha/sataatbika.py	_antardhasa	antardhasa_option	1,3,4,5,6	L59,L61,L63,L65	local_recompute	none	DS900
src/jhora/horoscope/dhasa/graha/sataatbika.py	_dhasa_start	dhasa_starting_planet	1,const._ascendant_symbol	L72,L79,L81,L83,L86,L89,L92,L95,L98,L103	local_recompute	none	DS900
src/jhora/horoscope/dhasa/graha/sataatbika.py	_dhasa_start	divisional_chart_factor	parameter_only	L71,L77,L84,L87,L90,L93,L96,L99	local_recompute	none	DS900
src/jhora/horoscope/dhasa/graha/sataatbika.py	_dhasa_start	seed_star	parameter_only	L71	local_recompute	none	DS900
src/jhora/horoscope/dhasa/graha/sataatbika.py	_dhasa_start	star_position_from_moon	parameter_only	L71	local_recompute	none	DS900
src/jhora/horoscope/dhasa/graha/sataatbika.py	_get_dhasa_dict	seed_star	parameter_only	L43	local_recompute	none	DS900
src/jhora/horoscope/dhasa/graha/sataatbika.py	_maha_dhasa	seed_star	parameter_only	L56	local_recompute	none	DS900
src/jhora/horoscope/dhasa/graha/sataatbika.py	applicability_check	divisional_chart_factor	parameter_only	L36	local_recompute	none	DS900
src/jhora/horoscope/dhasa/graha/sataatbika.py	get_dhasa_bhukthi	antardhasa_option	parameter_only	L113,L128	local_recompute	none	DS900
src/jhora/horoscope/dhasa/graha/sataatbika.py	get_dhasa_bhukthi	dhasa_starting_planet	parameter_only	L113,L147	local_recompute	none	DS900
src/jhora/horoscope/dhasa/graha/sataatbika.py	get_dhasa_bhukthi	divisional_chart_factor	parameter_only	L113,L146	local_recompute	none	DS900
src/jhora/horoscope/dhasa/graha/sataatbika.py	get_dhasa_bhukthi	include_antardhasa	truthy/falsy	L112,L152	local_recompute	none	DS900
src/jhora/horoscope/dhasa/graha/sataatbika.py	get_dhasa_bhukthi	seed_star	parameter_only	L113,L147	local_recompute	none	DS900
src/jhora/horoscope/dhasa/graha/sataatbika.py	get_dhasa_bhukthi	star_position_from_moon	parameter_only	L112,L145	local_recompute	none	DS900
src/jhora/horoscope/dhasa/graha/sataatbika.py	get_dhasa_bhukthi	use_rasi_bhukthi_variation	parameter_only	L128	local_recompute	none	DS900
src/jhora/horoscope/dhasa/graha/sataatbika.py	get_dhasa_bhukthi	use_tribhagi_variation	truthy/falsy	L112,L142	local_recompute	none	DS900
src/jhora/horoscope/dhasa/graha/shastihayani.py	_antardhasa	antardhasa_option	1,3,4,5,6	L54,L56,L58,L60	local_recompute	none	DS900
src/jhora/horoscope/dhasa/graha/shastihayani.py	_dhasa_start	dhasa_starting_planet	1,const._ascendant_symbol	L67,L74,L76,L78,L81,L84,L87,L90,L93,L98	local_recompute	none	DS900
src/jhora/horoscope/dhasa/graha/shastihayani.py	_dhasa_start	divisional_chart_factor	parameter_only	L66,L72,L79,L82,L85,L88,L91,L94	local_recompute	none	DS900
src/jhora/horoscope/dhasa/graha/shastihayani.py	_dhasa_start	seed_star	parameter_only	L66	local_recompute	none	DS900
src/jhora/horoscope/dhasa/graha/shastihayani.py	_dhasa_start	star_position_from_moon	parameter_only	L66	local_recompute	none	DS900
src/jhora/horoscope/dhasa/graha/shastihayani.py	_get_dhasa_dict	seed_star	parameter_only	L41	local_recompute	none	DS900
src/jhora/horoscope/dhasa/graha/shastihayani.py	_maha_dhasa	seed_star	parameter_only	L51	local_recompute	none	DS900
src/jhora/horoscope/dhasa/graha/shastihayani.py	get_dhasa_bhukthi	antardhasa_option	parameter_only	L109,L126	local_recompute	none	DS900
src/jhora/horoscope/dhasa/graha/shastihayani.py	get_dhasa_bhukthi	dhasa_starting_planet	parameter_only	L109,L145	local_recompute	none	DS900
src/jhora/horoscope/dhasa/graha/shastihayani.py	get_dhasa_bhukthi	divisional_chart_factor	parameter_only	L109,L144	local_recompute	none	DS900
src/jhora/horoscope/dhasa/graha/shastihayani.py	get_dhasa_bhukthi	include_antardhasa	truthy/falsy	L108,L150	local_recompute	none	DS900
src/jhora/horoscope/dhasa/graha/shastihayani.py	get_dhasa_bhukthi	seed_star	parameter_only	L109,L145	local_recompute	none	DS900
src/jhora/horoscope/dhasa/graha/shastihayani.py	get_dhasa_bhukthi	star_position_from_moon	parameter_only	L108,L143	local_recompute	none	DS900
src/jhora/horoscope/dhasa/graha/shastihayani.py	get_dhasa_bhukthi	use_rasi_bhukthi_variation	parameter_only	L126	local_recompute	none	DS900
src/jhora/horoscope/dhasa/graha/shastihayani.py	get_dhasa_bhukthi	use_tribhagi_variation	truthy/falsy	L108,L140	local_recompute	none	DS900
src/jhora/horoscope/dhasa/graha/shattrimsa_sama.py	_antardhasa	antardhasa_option	1,3,4,5,6	L61,L63,L65,L67	local_recompute	none	DS900
src/jhora/horoscope/dhasa/graha/shattrimsa_sama.py	_dhasa_start	dhasa_starting_planet	1,const._ascendant_symbol	L74,L81,L83,L85,L88,L91,L94,L97,L100,L105	local_recompute	none	DS900
src/jhora/horoscope/dhasa/graha/shattrimsa_sama.py	_dhasa_start	divisional_chart_factor	parameter_only	L73,L79,L86,L89,L92,L95,L98,L101	local_recompute	none	DS900
src/jhora/horoscope/dhasa/graha/shattrimsa_sama.py	_dhasa_start	seed_star	parameter_only	L73	local_recompute	none	DS900
src/jhora/horoscope/dhasa/graha/shattrimsa_sama.py	_dhasa_start	star_position_from_moon	parameter_only	L73	local_recompute	none	DS900
src/jhora/horoscope/dhasa/graha/shattrimsa_sama.py	_get_dhasa_dict	seed_star	parameter_only	L45	local_recompute	none	DS900
src/jhora/horoscope/dhasa/graha/shattrimsa_sama.py	_maha_dhasa	seed_star	parameter_only	L58	local_recompute	none	DS900
src/jhora/horoscope/dhasa/graha/shattrimsa_sama.py	get_dhasa_bhukthi	antardhasa_option	parameter_only	L115,L132	local_recompute	none	DS900
src/jhora/horoscope/dhasa/graha/shattrimsa_sama.py	get_dhasa_bhukthi	dhasa_starting_planet	parameter_only	L115,L151	local_recompute	none	DS900
src/jhora/horoscope/dhasa/graha/shattrimsa_sama.py	get_dhasa_bhukthi	divisional_chart_factor	parameter_only	L115,L150	local_recompute	none	DS900
src/jhora/horoscope/dhasa/graha/shattrimsa_sama.py	get_dhasa_bhukthi	include_antardhasa	truthy/falsy	L114,L156	local_recompute	none	DS900
src/jhora/horoscope/dhasa/graha/shattrimsa_sama.py	get_dhasa_bhukthi	seed_star	parameter_only	L115,L151	local_recompute	none	DS900
src/jhora/horoscope/dhasa/graha/shattrimsa_sama.py	get_dhasa_bhukthi	star_position_from_moon	parameter_only	L114,L149	local_recompute	none	DS900
src/jhora/horoscope/dhasa/graha/shattrimsa_sama.py	get_dhasa_bhukthi	use_rasi_bhukthi_variation	parameter_only	L132	local_recompute	none	DS900
src/jhora/horoscope/dhasa/graha/shattrimsa_sama.py	get_dhasa_bhukthi	use_tribhagi_variation	truthy/falsy	L114,L146	local_recompute	none	DS900
src/jhora/horoscope/dhasa/graha/shodasottari.py	_dhasa_start	dhasa_starting_planet	1,const._ascendant_symbol	L59,L65,L67,L69,L72,L75,L78,L81,L84,L89	local_recompute	none	DS900
src/jhora/horoscope/dhasa/graha/shodasottari.py	_dhasa_start	divisional_chart_factor	parameter_only	L58,L64,L70,L73,L76,L79,L82,L85	local_recompute	none	DS900
src/jhora/horoscope/dhasa/graha/shodasottari.py	_dhasa_start	seed_star	parameter_only	L58	local_recompute	none	DS900
src/jhora/horoscope/dhasa/graha/shodasottari.py	_dhasa_start	star_position_from_moon	parameter_only	L58	local_recompute	none	DS900
src/jhora/horoscope/dhasa/graha/shodasottari.py	_get_dhasa_dict	seed_star	parameter_only	L36	local_recompute	none	DS900
src/jhora/horoscope/dhasa/graha/shodasottari.py	_maha_dhasa	seed_star	parameter_only	L49	local_recompute	none	DS900
src/jhora/horoscope/dhasa/graha/shodasottari.py	get_dhasa_bhukthi	antardhasa_option	parameter_only	L115	local_recompute	none	DS900
src/jhora/horoscope/dhasa/graha/shodasottari.py	get_dhasa_bhukthi	dhasa_starting_planet	parameter_only	L99,L134	local_recompute	none	DS900
src/jhora/horoscope/dhasa/graha/shodasottari.py	get_dhasa_bhukthi	divisional_chart_factor	parameter_only	L99,L133	local_recompute	none	DS900
src/jhora/horoscope/dhasa/graha/shodasottari.py	get_dhasa_bhukthi	include_antardhasa	truthy/falsy	L98,L139	local_recompute	none	DS900
src/jhora/horoscope/dhasa/graha/shodasottari.py	get_dhasa_bhukthi	seed_star	parameter_only	L99,L134	local_recompute	none	DS900
src/jhora/horoscope/dhasa/graha/shodasottari.py	get_dhasa_bhukthi	star_position_from_moon	parameter_only	L98,L132	local_recompute	none	DS900
src/jhora/horoscope/dhasa/graha/shodasottari.py	get_dhasa_bhukthi	use_rasi_bhukthi_variation	parameter_only	L115	local_recompute	none	DS900
src/jhora/horoscope/dhasa/graha/shodasottari.py	get_dhasa_bhukthi	use_tribhagi_variation	truthy/falsy	L98,L129	local_recompute	none	DS900
src/jhora/horoscope/dhasa/graha/tara.py	_dhasa_start	divisional_chart_factor	parameter_only	L51,L53	local_recompute	none	DS900
src/jhora/horoscope/dhasa/graha/tara.py	_dhasa_start	star_position_from_moon	parameter_only	L51	local_recompute	none	DS900
src/jhora/horoscope/dhasa/graha/tara.py	get_dhasa_bhukthi	divisional_chart_factor	parameter_only	L62,L84,L108	local_recompute	none	DS900
src/jhora/horoscope/dhasa/graha/tara.py	get_dhasa_bhukthi	include_antardasa	truthy/falsy	L63,L113	local_recompute	none	DS900
src/jhora/horoscope/dhasa/graha/tara.py	get_dhasa_bhukthi	include_antardhasa	parameter_only	L62	local_recompute	none	DS900
src/jhora/horoscope/dhasa/graha/tara.py	get_dhasa_bhukthi	star_position_from_moon	parameter_only	L107	local_recompute	none	DS900
src/jhora/horoscope/dhasa/graha/tithi_ashtottari.py	ashtottari_bhukthi	antardhasa_option	1,3,4,5,6	L70,L75,L77,L79	local_recompute	none	DS900
src/jhora/horoscope/dhasa/graha/tithi_ashtottari.py	get_ashtottari_dhasa_bhukthi	antardhasa_option	parameter_only	L105	local_recompute	none	DS900
src/jhora/horoscope/dhasa/graha/tithi_ashtottari.py	get_ashtottari_dhasa_bhukthi	include_antardhasa	truthy/falsy	L104,L138	local_recompute	none	DS900
src/jhora/horoscope/dhasa/graha/tithi_ashtottari.py	get_ashtottari_dhasa_bhukthi	use_tribhagi_variation	truthy/falsy	L104,L128	global_mutation	none	DS900
src/jhora/horoscope/dhasa/graha/tithi_yogini.py	_antardhasa	antardhasa_option	1,3,4,5,6	L57,L59,L61,L63	local_recompute	none	DS900
src/jhora/horoscope/dhasa/graha/tithi_yogini.py	_get_dhasa_dict	seed_star	parameter_only	L43	local_recompute	none	DS900
src/jhora/horoscope/dhasa/graha/tithi_yogini.py	get_dhasa_bhukthi	antardhasa_option	parameter_only	L78,L109	local_recompute	none	DS900
src/jhora/horoscope/dhasa/graha/tithi_yogini.py	get_dhasa_bhukthi	include_antardhasa	truthy/falsy	L77,L108	local_recompute	none	DS900
src/jhora/horoscope/dhasa/graha/tithi_yogini.py	get_dhasa_bhukthi	use_tribhagi_variation	truthy/falsy	L77,L100	local_recompute	none	DS900
src/jhora/horoscope/dhasa/graha/vimsottari.py	_vimsottari_bhukti	antardhasa_option	1,3,4,5,6	L105,L109,L111,L113	local_recompute	none	DS900
src/jhora/horoscope/dhasa/graha/vimsottari.py	get_vimsottari_dhasa_bhukthi	antardhasa_option	parameter_only	L163,L181,L223	local_recompute	none	DS900
src/jhora/horoscope/dhasa/graha/vimsottari.py	get_vimsottari_dhasa_bhukthi	dhasa_starting_planet	parameter_only	L164,L206	local_recompute	none	DS900
src/jhora/horoscope/dhasa/graha/vimsottari.py	get_vimsottari_dhasa_bhukthi	divisional_chart_factor	parameter_only	L163,L204,L219	local_recompute	none	DS900
src/jhora/horoscope/dhasa/graha/vimsottari.py	get_vimsottari_dhasa_bhukthi	include_antardhasa	truthy/falsy	L162,L190,L191,L216	local_recompute	none	DS900
src/jhora/horoscope/dhasa/graha/vimsottari.py	get_vimsottari_dhasa_bhukthi	seed_star	parameter_only	L163,L205	local_recompute	none	DS900
src/jhora/horoscope/dhasa/graha/vimsottari.py	get_vimsottari_dhasa_bhukthi	star_position_from_moon	parameter_only	L161,L205	local_recompute	none	DS900
src/jhora/horoscope/dhasa/graha/vimsottari.py	get_vimsottari_dhasa_bhukthi	use_rasi_bhukthi_variation	truthy/falsy	L162,L181,L217	local_recompute	none	DS900
src/jhora/horoscope/dhasa/graha/vimsottari.py	get_vimsottari_dhasa_bhukthi	use_tribhagi_variation	truthy/falsy	L161,L198	global_mutation	none	DS900
src/jhora/horoscope/dhasa/graha/vimsottari.py	vimsottari_dasha_start_date	dhasa_starting_planet	1,const._ascendant_symbol	L40,L47,L49,L51,L54,L57,L60,L63,L66,L71	local_recompute	none	DS900
src/jhora/horoscope/dhasa/graha/vimsottari.py	vimsottari_dasha_start_date	divisional_chart_factor	parameter_only	L39,L46,L52,L55,L58,L61,L64,L67	local_recompute	none	DS900
src/jhora/horoscope/dhasa/graha/vimsottari.py	vimsottari_dasha_start_date	seed_star	parameter_only	L39	local_recompute	none	DS900
src/jhora/horoscope/dhasa/graha/vimsottari.py	vimsottari_dasha_start_date	star_position_from_moon	parameter_only	L39	local_recompute	none	DS900
src/jhora/horoscope/dhasa/graha/vimsottari.py	vimsottari_mahadasa	dhasa_starting_planet	parameter_only	L83,L87	local_recompute	none	DS900
src/jhora/horoscope/dhasa/graha/vimsottari.py	vimsottari_mahadasa	divisional_chart_factor	parameter_only	L82,L85	local_recompute	none	DS900
src/jhora/horoscope/dhasa/graha/vimsottari.py	vimsottari_mahadasa	seed_star	parameter_only	L83,L86	local_recompute	none	DS900
src/jhora/horoscope/dhasa/graha/vimsottari.py	vimsottari_mahadasa	star_position_from_moon	parameter_only	L82,L86	local_recompute	none	DS900
src/jhora/horoscope/dhasa/graha/yoga_vimsottari.py	_vimsottari_bhukti	antardhasa_option	1,3,4,5,6	L64,L68,L70,L72	local_recompute	none	DS900
src/jhora/horoscope/dhasa/graha/yoga_vimsottari.py	get_dhasa_bhukthi	antardhasa_option	parameter_only	L121,L157	local_recompute	none	DS900
src/jhora/horoscope/dhasa/graha/yoga_vimsottari.py	get_dhasa_bhukthi	include_antardhasa	parameter_only	L135,L136	local_recompute	none	DS900
src/jhora/horoscope/dhasa/graha/yoga_vimsottari.py	get_dhasa_bhukthi	use_tribhagi_variation	truthy/falsy	L121,L142	global_mutation	none	DS900
src/jhora/horoscope/dhasa/graha/yogini.py	_antardhasa	antardhasa_option	1,3,4,5,6	L53,L54,L56,L58	local_recompute	none	DS900
src/jhora/horoscope/dhasa/graha/yogini.py	_dhasa_start	dhasa_starting_planet	1,const._ascendant_symbol	L64,L70,L72,L74,L77,L80,L83,L86,L89,L94	local_recompute	none	DS900
src/jhora/horoscope/dhasa/graha/yogini.py	_dhasa_start	divisional_chart_factor	parameter_only	L64,L69,L75,L78,L81,L84,L87,L90	local_recompute	none	DS900
src/jhora/horoscope/dhasa/graha/yogini.py	_dhasa_start	seed_star	parameter_only	L64	local_recompute	none	DS900
src/jhora/horoscope/dhasa/graha/yogini.py	_dhasa_start	star_position_from_moon	parameter_only	L64	local_recompute	none	DS900
src/jhora/horoscope/dhasa/graha/yogini.py	_get_dhasa_dict	seed_star	parameter_only	L38	local_recompute	none	DS900
src/jhora/horoscope/dhasa/graha/yogini.py	_maha_dhasa	seed_star	parameter_only	L50	local_recompute	none	DS900
src/jhora/horoscope/dhasa/graha/yogini.py	get_dhasa_bhukthi	antardhasa_option	parameter_only	L105,L116	local_recompute	none	DS900
src/jhora/horoscope/dhasa/graha/yogini.py	get_dhasa_bhukthi	dhasa_starting_planet	parameter_only	L105,L135	local_recompute	none	DS900
src/jhora/horoscope/dhasa/graha/yogini.py	get_dhasa_bhukthi	divisional_chart_factor	parameter_only	L104,L133	local_recompute	none	DS900
src/jhora/horoscope/dhasa/graha/yogini.py	get_dhasa_bhukthi	include_antardhasa	truthy/falsy	L103,L140	local_recompute	none	DS900
src/jhora/horoscope/dhasa/graha/yogini.py	get_dhasa_bhukthi	seed_star	parameter_only	L105,L134	local_recompute	none	DS900
src/jhora/horoscope/dhasa/graha/yogini.py	get_dhasa_bhukthi	star_position_from_moon	parameter_only	L104,L134	local_recompute	none	DS900
src/jhora/horoscope/dhasa/graha/yogini.py	get_dhasa_bhukthi	use_rasi_bhukthi_variation	parameter_only	L116	local_recompute	none	DS900
src/jhora/horoscope/dhasa/graha/yogini.py	get_dhasa_bhukthi	use_tribhagi_variation	truthy/falsy	L103,L130	local_recompute	none	DS900
src/jhora/horoscope/dhasa/raasi/brahma.py	get_dhasa_antardhasa	divisional_chart_factor	parameter_only	L40,L42	local_recompute	none	DS900
src/jhora/horoscope/dhasa/raasi/brahma.py	get_dhasa_antardhasa	include_antardhasa	truthy/falsy	L40,L56	local_recompute	none	DS900
src/jhora/horoscope/dhasa/raasi/chakra.py	get_dhasa_antardhasa	divisional_chart_factor	parameter_only	L67,L71	local_recompute	none	DS900
src/jhora/horoscope/dhasa/raasi/chakra.py	get_dhasa_antardhasa	include_antardhasa	truthy/falsy	L67,L79	local_recompute	none	DS900
src/jhora/horoscope/dhasa/raasi/chara.py	get_dhasa_antardhasa	chara_method	1,2	L228,L238,L241,L242	local_recompute	none	DS19
src/jhora/horoscope/dhasa/raasi/chara.py	get_dhasa_antardhasa	divisional_chart_factor	parameter_only	L227,L234	local_recompute	none	DS900
src/jhora/horoscope/dhasa/raasi/chara.py	get_dhasa_antardhasa	include_antardhasa	truthy/falsy	L227,L245	local_recompute	none	DS900
src/jhora/horoscope/dhasa/raasi/drig.py	drig_dhasa	include_antardhasa	truthy/falsy	L29,L55,L77	local_recompute	none	DS900
src/jhora/horoscope/dhasa/raasi/drig.py	drig_dhasa_bhukthi	divisional_chart_factor	parameter_only	L25,L27	local_recompute	none	DS900
src/jhora/horoscope/dhasa/raasi/drig.py	drig_dhasa_bhukthi	include_antardhasa	parameter_only	L25,L28	local_recompute	none	DS900
src/jhora/horoscope/dhasa/raasi/kalachakra.py	get_dhasa_bhukthi	dhasa_starting_planet	1,const._ascendant_symbol	L115,L138,L140,L142,L145,L148,L151,L154,L157,L162	local_recompute	none	DS900
src/jhora/horoscope/dhasa/raasi/kalachakra.py	get_dhasa_bhukthi	divisional_chart_factor	parameter_only	L115,L137,L143,L146,L149,L152,L155,L158	local_recompute	none	DS900
src/jhora/horoscope/dhasa/raasi/kalachakra.py	get_dhasa_bhukthi	include_antardhasa	parameter_only	L116,L129,L130,L165	local_recompute	none	DS900
src/jhora/horoscope/dhasa/raasi/kalachakra.py	get_dhasa_bhukthi	star_position_from_moon	parameter_only	L116	local_recompute	none	DS900
src/jhora/horoscope/dhasa/raasi/kalachakra.py	kalachakra_dhasa	include_antardhasa	truthy/falsy	L84,L100	local_recompute	none	DS900
src/jhora/horoscope/dhasa/raasi/kendradhi_rasi.py	karaka_kendradhi_rasi_dhasa	divisional_chart_factor	parameter_only	L90,L95	local_recompute	none	DS900
src/jhora/horoscope/dhasa/raasi/kendradhi_rasi.py	karaka_kendradhi_rasi_dhasa	include_antardhasa	truthy/falsy	L90,L116,L137	local_recompute	none	DS900
src/jhora/horoscope/dhasa/raasi/kendradhi_rasi.py	kendradhi_rasi_dhasa	divisional_chart_factor	parameter_only	L28,L30	local_recompute	none	DS900
src/jhora/horoscope/dhasa/raasi/kendradhi_rasi.py	kendradhi_rasi_dhasa	include_antardhasa	truthy/falsy	L28,L53,L74	local_recompute	none	DS900
src/jhora/horoscope/dhasa/raasi/kendradhi_rasi.py	lagna_kendradhi_rasi_dhasa	divisional_chart_factor	parameter_only	L26,L27	none	none	DS900
src/jhora/horoscope/dhasa/raasi/lagnamsaka.py	get_dhasa_antardhasa	divisional_chart_factor	parameter_only	L24,L26,L28	local_recompute	none	DS900
src/jhora/horoscope/dhasa/raasi/lagnamsaka.py	get_dhasa_antardhasa	include_antardhasa	parameter_only	L24,L29	local_recompute	none	DS900
src/jhora/horoscope/dhasa/raasi/mandooka.py	get_dhasa_antardhasa	divisional_chart_factor	parameter_only	L67,L70	local_recompute	none	DS900
src/jhora/horoscope/dhasa/raasi/mandooka.py	get_dhasa_antardhasa	include_antardhasa	truthy/falsy	L67,L96	local_recompute	none	DS900
src/jhora/horoscope/dhasa/raasi/moola.py	moola_dhasa	divisional_chart_factor	parameter_only	L25,L35	local_recompute	none	DS900
src/jhora/horoscope/dhasa/raasi/moola.py	moola_dhasa	include_antardhasa	truthy/falsy	L25,L63,L83	local_recompute	none	DS900
src/jhora/horoscope/dhasa/raasi/narayana.py	_narayana_dhasa_calculation	include_antardhasa	truthy/falsy	L51,L67,L87	local_recompute	none	DS900
src/jhora/horoscope/dhasa/raasi/narayana.py	narayana_dhasa_for_divisional_chart	divisional_chart_factor	1	L106,L107,L122	local_recompute	none	DS900
src/jhora/horoscope/dhasa/raasi/narayana.py	narayana_dhasa_for_divisional_chart	include_antardhasa	parameter_only	L106,L129	local_recompute	none	DS900
src/jhora/horoscope/dhasa/raasi/narayana.py	narayana_dhasa_for_rasi_chart	include_antardhasa	parameter_only	L130,L138	local_recompute	none	DS900
src/jhora/horoscope/dhasa/raasi/narayana.py	varsha_narayana_dhasa_bhukthi	divisional_chart_factor	parameter_only	L161,L166	local_recompute	none	DS900
src/jhora/horoscope/dhasa/raasi/narayana.py	varsha_narayana_dhasa_bhukthi	include_antardhasa	parameter_only	L161,L173	local_recompute	none	DS900
src/jhora/horoscope/dhasa/raasi/navamsa.py	get_dhasa_antardhasa	divisional_chart_factor	parameter_only	L36,L38	local_recompute	none	DS900
src/jhora/horoscope/dhasa/raasi/navamsa.py	get_dhasa_antardhasa	include_antardhasa	truthy/falsy	L36,L52	local_recompute	none	DS900
src/jhora/horoscope/dhasa/raasi/nirayana.py	nirayana_shoola_dhasa	include_antardhasa	truthy/falsy	L28,L63,L85	local_recompute	none	DS900
src/jhora/horoscope/dhasa/raasi/nirayana.py	nirayana_shoola_dhasa_bhukthi	divisional_chart_factor	parameter_only	L24,L26	local_recompute	none	DS900
src/jhora/horoscope/dhasa/raasi/nirayana.py	nirayana_shoola_dhasa_bhukthi	include_antardhasa	parameter_only	L24	local_recompute	none	DS900
src/jhora/horoscope/dhasa/raasi/padhanadhamsa.py	get_dhasa_antardhasa	divisional_chart_factor	parameter_only	L25,L27,L30	local_recompute	none	DS900
src/jhora/horoscope/dhasa/raasi/padhanadhamsa.py	get_dhasa_antardhasa	include_antardhasa	parameter_only	L25,L34,L35	local_recompute	none	DS900
src/jhora/horoscope/dhasa/raasi/paryaaya.py	get_dhasa_antardhasa	divisional_chart_factor	parameter_only	L61,L69	local_recompute	none	DS900
src/jhora/horoscope/dhasa/raasi/paryaaya.py	get_dhasa_antardhasa	include_antardhasa	truthy/falsy	L61,L82	local_recompute	none	DS900
src/jhora/horoscope/dhasa/raasi/paryaaya.py	get_dhasa_antardhasa	use_tribhagi_variation	truthy/falsy	L62,L65	local_recompute	none	DS900
src/jhora/horoscope/dhasa/raasi/sandhya.py	get_dhasa_antardhasa	divisional_chart_factor	parameter_only	L36,L39	local_recompute	none	DS900
src/jhora/horoscope/dhasa/raasi/sandhya.py	get_dhasa_antardhasa	include_antardhasa	truthy/falsy	L37,L45	local_recompute	none	DS900
src/jhora/horoscope/dhasa/raasi/shoola.py	shoola_dhasa	include_antardhasa	truthy/falsy	L28,L58,L80	local_recompute	none	DS900
src/jhora/horoscope/dhasa/raasi/shoola.py	shoola_dhasa_bhukthi	divisional_chart_factor	parameter_only	L24,L26	local_recompute	none	DS900
src/jhora/horoscope/dhasa/raasi/shoola.py	shoola_dhasa_bhukthi	include_antardhasa	parameter_only	L24,L27	local_recompute	none	DS900
src/jhora/horoscope/dhasa/raasi/sthira.py	get_dhasa_antardhasa	divisional_chart_factor	parameter_only	L35,L37	local_recompute	none	DS900
src/jhora/horoscope/dhasa/raasi/sthira.py	get_dhasa_antardhasa	include_antardhasa	truthy/falsy	L35,L47	local_recompute	none	DS900
src/jhora/horoscope/dhasa/raasi/sudasa.py	sudasa_dhasa_bhukthi	divisional_chart_factor	parameter_only	L33,L35,L39	local_recompute	none	DS900
src/jhora/horoscope/dhasa/raasi/sudasa.py	sudasa_dhasa_bhukthi	include_antardhasa	parameter_only	L33,L40	local_recompute	none	DS900
src/jhora/horoscope/dhasa/raasi/sudasa.py	sudasa_dhasa_from_planet_positions	include_antardhasa	truthy/falsy	L41,L77,L99	local_recompute	none	DS900
src/jhora/horoscope/dhasa/raasi/tara_lagna.py	get_dhasa_antardhasa	divisional_chart_factor	parameter_only	L25,L27	local_recompute	none	DS900
src/jhora/horoscope/dhasa/raasi/tara_lagna.py	get_dhasa_antardhasa	include_antardhasa	truthy/falsy	L25,L49	local_recompute	none	DS900
src/jhora/horoscope/dhasa/raasi/trikona.py	get_dhasa_antardhasa	divisional_chart_factor	parameter_only	L27,L29	local_recompute	none	DS900
src/jhora/horoscope/dhasa/raasi/trikona.py	get_dhasa_antardhasa	include_antardasa	parameter_only	L34	local_recompute	none	DS900
src/jhora/horoscope/dhasa/raasi/trikona.py	get_dhasa_antardhasa	include_antardhasa	truthy/falsy	L27,L46	local_recompute	none	DS900
src/jhora/horoscope/dhasa/raasi/varnada.py	get_dhasa_antardhasa	divisional_chart_factor	parameter_only	L27,L29,L32,L33	local_recompute	none	DS900
src/jhora/horoscope/dhasa/raasi/varnada.py	get_dhasa_antardhasa	include_antardhasa	truthy/falsy	L27,L44	local_recompute	none	DS900
src/jhora/horoscope/dhasa/raasi/yogardha.py	get_dhasa_antardhasa	divisional_chart_factor	parameter_only	L28,L30	local_recompute	none	DS900
src/jhora/horoscope/dhasa/raasi/yogardha.py	get_dhasa_antardhasa	include_antardhasa	truthy/falsy	L28,L42	local_recompute	none	DS900
src/jhora/horoscope/dhasa/sudharsana_chakra.py	sudharsana_chakra_dhasa_for_divisional_chart	divisional_chart_factor	parameter_only	L42,L60	local_recompute	none	DS900
src/jhora/horoscope/dhasa/sudharsana_chakra.py	sudharshana_chakra_chart	divisional_chart_factor	parameter_only	L24,L26	local_recompute	none	DS900
src/jhora/horoscope/main.py	Horoscope._get_aayu_dhasa_bhukthi	include_antardhasa	parameter_only	L1152	local_recompute	none	DS900
src/jhora/horoscope/main.py	Horoscope._get_annual_dhasa_bhukthi	divisional_chart_factor	parameter_only	L1073,L1074,L1075,L1076	local_recompute	none	DS25
src/jhora/horoscope/main.py	Horoscope._get_arudha_padhas	divisional_chart_factor	parameter_only	L1023,L1028	local_recompute	none	DS900
src/jhora/horoscope/main.py	Horoscope._get_brahma_dhasa	divisional_chart_factor	parameter_only	L1487,L1489	local_recompute	none	DS900
src/jhora/horoscope/main.py	Horoscope._get_buddhi_gathi_dhasa_bhukthi	include_antardhasa	parameter_only	L1240	local_recompute	none	DS900
src/jhora/horoscope/main.py	Horoscope._get_chakra_dhasa	divisional_chart_factor	parameter_only	L1178,L1180	local_recompute	none	DS900
src/jhora/horoscope/main.py	Horoscope._get_chakra_dhasa	include_antardhasa	parameter_only	L1180	local_recompute	none	DS900
src/jhora/horoscope/main.py	Horoscope._get_chara_dhasa	chara_method	parameter_only	L1433	local_recompute	none	DS900
src/jhora/horoscope/main.py	Horoscope._get_chara_dhasa	divisional_chart_factor	parameter_only	L1431,L1433	local_recompute	none	DS900
src/jhora/horoscope/main.py	Horoscope._get_chaturaaseeti_sama_dhasa_bhukthi	include_antardhasa	parameter_only	L1320	local_recompute	none	DS900
src/jhora/horoscope/main.py	Horoscope._get_drig_dhasa	divisional_chart_factor	parameter_only	L1395	local_recompute	none	DS900
src/jhora/horoscope/main.py	Horoscope._get_dwadasottari_dhasa_bhukthi	include_antardhasa	parameter_only	L1280	local_recompute	none	DS900
src/jhora/horoscope/main.py	Horoscope._get_dwisatpathi_dhasa_bhukthi	include_antardhasa	parameter_only	L1290	local_recompute	none	DS900
src/jhora/horoscope/main.py	Horoscope._get_kaala_dhasa_bhukthi	include_antardhasa	parameter_only	L1172	local_recompute	none	DS900
src/jhora/horoscope/main.py	Horoscope._get_kalachakra_dhasa	divisional_chart_factor	parameter_only	L1543,L1546	local_recompute	none	DS900
src/jhora/horoscope/main.py	Horoscope._get_karaka_dhasa_bhukthi	include_antardhasa	parameter_only	L1130	local_recompute	none	DS900
src/jhora/horoscope/main.py	Horoscope._get_karana_chaturaaseeti_sama_dhasa_bhukthi	include_antardhasa	parameter_only	L1330	local_recompute	none	DS900
src/jhora/horoscope/main.py	Horoscope._get_kendraadhi_karaka_dhasa	divisional_chart_factor	parameter_only	L1422,L1424	local_recompute	none	DS900
src/jhora/horoscope/main.py	Horoscope._get_kendraadhi_rasi_dhasa	divisional_chart_factor	parameter_only	L1377,L1379	local_recompute	none	DS900
src/jhora/horoscope/main.py	Horoscope._get_lagnamsaka_dhasa	divisional_chart_factor	parameter_only	L1442,L1444	local_recompute	none	DS900
src/jhora/horoscope/main.py	Horoscope._get_mandooka_dhasa	divisional_chart_factor	parameter_only	L1460,L1462	local_recompute	none	DS900
src/jhora/horoscope/main.py	Horoscope._get_naisargika_dhasa_bhukthi	include_antardhasa	parameter_only	L1141	local_recompute	none	DS900
src/jhora/horoscope/main.py	Horoscope._get_narayana_dhasa	divisional_chart_factor	parameter_only	L1368	local_recompute	none	DS900
src/jhora/horoscope/main.py	Horoscope._get_narayana_dhasa	include_antardhasa	parameter_only	L1370	local_recompute	none	DS900
src/jhora/horoscope/main.py	Horoscope._get_navamsa_dhasa	divisional_chart_factor	parameter_only	L1514,L1516	local_recompute	none	DS900
src/jhora/horoscope/main.py	Horoscope._get_nirayana_dhasa	divisional_chart_factor	parameter_only	L1404	local_recompute	none	DS900
src/jhora/horoscope/main.py	Horoscope._get_padhanadhamsa_dhasa	divisional_chart_factor	parameter_only	L1451,L1453	local_recompute	none	DS900
src/jhora/horoscope/main.py	Horoscope._get_panchottari_dhasa_bhukthi	include_antardhasa	parameter_only	L1300	local_recompute	none	DS900
src/jhora/horoscope/main.py	Horoscope._get_paryaaya_dhasa	divisional_chart_factor	parameter_only	L1523,L1525	local_recompute	none	DS900
src/jhora/horoscope/main.py	Horoscope._get_patyatini_dhasa_bhukthi	divisional_chart_factor	parameter_only	L1096,L1099	local_recompute	none	DS900
src/jhora/horoscope/main.py	Horoscope._get_sandhya_panchaka_dhasa	divisional_chart_factor	parameter_only	L1186,L1188	local_recompute	none	DS900
src/jhora/horoscope/main.py	Horoscope._get_saptharishi_nakshathra_dhasa_bhukthi	include_antardhasa	parameter_only	L1360	local_recompute	none	DS900
src/jhora/horoscope/main.py	Horoscope._get_satabdika_dhasa_bhukthi	include_antardhasa	parameter_only	L1310	local_recompute	none	DS900
src/jhora/horoscope/main.py	Horoscope._get_shashtisama_dhasa_bhukthi	include_antardhasa	parameter_only	L1340	local_recompute	none	DS900
src/jhora/horoscope/main.py	Horoscope._get_shattrimsa_sama_dhasa_bhukthi	include_antardhasa	parameter_only	L1350	local_recompute	none	DS900
src/jhora/horoscope/main.py	Horoscope._get_shodasottari_dhasa_bhukthi	include_antardhasa	parameter_only	L1270	local_recompute	none	DS900
src/jhora/horoscope/main.py	Horoscope._get_shoola_dhasa	divisional_chart_factor	parameter_only	L1413	local_recompute	none	DS900
src/jhora/horoscope/main.py	Horoscope._get_sphuta	divisional_chart_factor	parameter_only	L974,L980	local_recompute	none	DS900
src/jhora/horoscope/main.py	Horoscope._get_sthira_dhasa	divisional_chart_factor	parameter_only	L1469,L1471	local_recompute	none	DS900
src/jhora/horoscope/main.py	Horoscope._get_sudasa_dhasa	divisional_chart_factor	parameter_only	L1386	local_recompute	none	DS900
src/jhora/horoscope/main.py	Horoscope._get_tara_dhasa_bhukthi	include_antardasa	parameter_only	L1119	local_recompute	none	DS900
src/jhora/horoscope/main.py	Horoscope._get_tara_lagna_dhasa	divisional_chart_factor	parameter_only	L1478,L1480	local_recompute	none	DS900
src/jhora/horoscope/main.py	Horoscope._get_tithi_yogini_dhasa_bhukthi	include_antardhasa	parameter_only	L1260	local_recompute	none	DS900
src/jhora/horoscope/main.py	Horoscope._get_trikona_dhasa	divisional_chart_factor	parameter_only	L1533,L1535	local_recompute	none	DS900
src/jhora/horoscope/main.py	Horoscope._get_varnada_dhasa	divisional_chart_factor	parameter_only	L1496,L1498	local_recompute	none	DS900
src/jhora/horoscope/main.py	Horoscope._get_varsha_narayana_dhasa	divisional_chart_factor	parameter_only	L1078,L1080	local_recompute	none	DS900
src/jhora/horoscope/main.py	Horoscope._get_varsha_narayana_dhasa	include_antardhasa	parameter_only	L1080	local_recompute	none	DS900
src/jhora/horoscope/main.py	Horoscope._get_varsha_vimsottari_dhasa	divisional_chart_factor	parameter_only	L1087,L1089	local_recompute	none	DS900
src/jhora/horoscope/main.py	Horoscope._get_vimsottari_dhasa_bhukthi	divisional_chart_factor	parameter_only	L1160	local_recompute	none	DS900
src/jhora/horoscope/main.py	Horoscope._get_yogardha_dhasa	divisional_chart_factor	parameter_only	L1505,L1507	local_recompute	none	DS900
src/jhora/horoscope/main.py	Horoscope._get_yogini_dhasa_bhukthi	include_antardhasa	parameter_only	L1250	local_recompute	none	DS900
src/jhora/horoscope/main.py	Horoscope.get_ava_saha_yoga_info_for_chart	divisional_chart_factor	parameter_only	L1628,L1633,L1645	local_recompute	none	DS900
src/jhora/horoscope/main.py	Horoscope.get_chara_karakas_for_chart	divisional_chart_factor	parameter_only	L1554,L1557	local_recompute	none	DS900
src/jhora/horoscope/main.py	Horoscope.get_horoscope_information	divisional_chart_factor	parameter_only	L684,L688,L700,L704,L708,L712,L716,L720,L725,L729,L733,L737,L741,L776,L780,L788,L798,L799,L809,L813,L817,L821,L825,L829,L833,L837,L842,L846,L850,L874,L878	local_recompute	none	DS900
src/jhora/horoscope/main.py	Horoscope.get_horoscope_information_for_chart	divisional_chart_factor	parameter_only	L254,L299,L307,L320,L321,L331,L333,L339,L345,L351,L357,L363,L369,L375,L382,L388,L394,L426,L430,L433,L442	local_recompute	none	DS900
src/jhora/horoscope/main.py	Horoscope.get_horoscope_information_for_mixed_chart	divisional_chart_factor	parameter_only	L578	local_recompute	none	DS900
src/jhora/horoscope/main.py	Horoscope.get_special_lagnas_for_chart	divisional_chart_factor	parameter_only	L1576,L1584,L1586	local_recompute	none	DS900
src/jhora/horoscope/main.py	Horoscope.get_special_planets_for_chart	divisional_chart_factor	parameter_only	L446,L453	local_recompute	none	DS900
src/jhora/horoscope/main.py	Horoscope.get_sphutas_for_chart	divisional_chart_factor	parameter_only	L1604,L1612	local_recompute	none	DS900
src/jhora/horoscope/main.py	Horoscope.get_varnada_lagna_for_chart	divisional_chart_factor	parameter_only	L881,L885	local_recompute	none	DS900
src/jhora/panchanga/drik.py	__next_conjunction_of_planet_pair	divisional_chart_factor	parameter_only	L2468	local_recompute	none	DS900
src/jhora/panchanga/drik.py	_bhaava_madhya_new	divisional_chart_factor	parameter_only	L1354	local_recompute	none	DS900
src/jhora/panchanga/drik.py	_birthtime_rectification_lagna_suddhi	divisional_chart_factor	parameter_only	L2439,L2447	local_recompute	none	DS900
src/jhora/panchanga/drik.py	bhrigu_bindhu_lagna	divisional_chart_factor	parameter_only	L1938,L1952	local_recompute	none	DS900
src/jhora/panchanga/drik.py	dasavarga_from_long	divisional_chart_factor	parameter_only	L1491,L1503	local_recompute	none	DS900
src/jhora/panchanga/drik.py	declination_of_planets	divisional_chart_factor	parameter_only	L1567	local_recompute	direct_call	DS900
src/jhora/panchanga/drik.py	dhasavarga	divisional_chart_factor	parameter_only	L1530	local_recompute	none	DS900
src/jhora/panchanga/drik.py	indu_lagna	divisional_chart_factor	parameter_only	L1875,L1890	local_recompute	none	DS900
src/jhora/panchanga/drik.py	kunda_lagna	divisional_chart_factor	parameter_only	L1908,L1922,L1926	local_recompute	none	DS900
src/jhora/panchanga/drik.py	kunda_lagna_mixed_chart	divisional_chart_factor	parameter_only	L1906	local_recompute	none	DS900
src/jhora/panchanga/drik.py	next_ascendant_entry_date	divisional_chart_factor	parameter_only	L2595,L2612	local_recompute	none	DS900
src/jhora/panchanga/drik.py	next_solar_date	divisional_chart_factor	parameter_only	L2258	local_recompute	none	DS900
src/jhora/panchanga/drik.py	pranapada_lagna	divisional_chart_factor	parameter_only	L1830,L1847	local_recompute	none	DS900
src/jhora/panchanga/drik.py	previous_ascendant_entry_date	divisional_chart_factor	parameter_only	L2593,L2594	none	none	DS900
src/jhora/panchanga/drik.py	solar_upagraha_longitudes	divisional_chart_factor	parameter_only	L1602	local_recompute	none	DS900
src/jhora/panchanga/drik.py	special_ascendant	divisional_chart_factor	parameter_only	L1736,L1773	local_recompute	none	DS900
src/jhora/panchanga/drik.py	sree_lagna	divisional_chart_factor	parameter_only	L1969,L1982,L1987	local_recompute	none	DS900
src/jhora/panchanga/drik.py	sree_lagna_from_moon_asc_longitudes	divisional_chart_factor	parameter_only	L1989	local_recompute	none	DS900
src/jhora/panchanga/drik.py	sree_lagna_mixed_chart	divisional_chart_factor	parameter_only	L1967	local_recompute	none	DS900
src/jhora/panchanga/drik.py	upagraha_longitude	divisional_chart_factor	parameter_only	L1647	local_recompute	none	DS900
src/jhora/utils.py	__varga_non_cyclic	divisional_chart_factor	parameter_only	L925	local_recompute	none	DS900
src/jhora/utils.py	_validate_data	divisional_chart_factor	parameter_only	L129	local_recompute	none	DS900
