file	function	dhasa_family	year_basis_symbol	constant_source	duration_formula	normalization_factor	balance_calc_method	initial_fraction_formula	seed_node_basis	evidence_lines	anchor_id
InScope-55	not_found	engine.all	not_found	N/A	month_duration not found in in-scope files	none	unknown	N/A	Unknown	research/dhasa_systems_and_cycle_year_length_logic/_coverage_dhasa_callsites_engine_plus_consumers.tsv:L3	DS33
src/jhora/horoscope/chart/charts.py	vaiseshikamsa_dhasavarga_of_planets	consumer.charts	Unknown	N/A	N/A	none	unknown	N/A	Mixed	src/jhora/horoscope/chart/charts.py:L1198-L1200	DS900
src/jhora/horoscope/chart/charts.py	vaiseshikamsa_shodhasavarga_of_planets	consumer.charts	Unknown	N/A	N/A	none	unknown	N/A	Mixed	src/jhora/horoscope/chart/charts.py:L1236-L1238	DS900
src/jhora/horoscope/chart/charts.py	vimsopaka_dhasavarga_of_planets	consumer.charts	Unknown	N/A	N/A	none	unknown	N/A	Mixed	src/jhora/horoscope/chart/charts.py:L1298-L1300	DS900
src/jhora/horoscope/chart/charts.py	vimsopaka_shodhasavarga_of_planets	consumer.charts	Unknown	N/A	N/A	none	unknown	N/A	Mixed	src/jhora/horoscope/chart/charts.py:L1336-L1338	DS900
src/jhora/horoscope/dhasa/annual/mudda.py	compute_varsha_vimsottari_antara_from	annual.mudda	Unknown	N/A	N/A	none	unknown	N/A	Unknown	src/jhora/horoscope/dhasa/annual/mudda.py:L108-L110	DS900
src/jhora/horoscope/dhasa/annual/mudda.py	mudda_dhasa_bhukthi	annual.mudda	Unknown	N/A	N/A	none	unknown	N/A	Unknown	src/jhora/horoscope/dhasa/annual/mudda.py:L148-L149	DS900
src/jhora/horoscope/dhasa/annual/mudda.py	varsha_vimsottari_antara	annual.mudda	Unknown	N/A	duration = factor * (const.varsha_vimsottari_days[bhukti_lord] / const.human_life_span_for_varsha_vimsottari_dhasa)	none	unknown	N/A	Unknown	src/jhora/horoscope/dhasa/annual/mudda.py:L93-L95	DS900
src/jhora/horoscope/dhasa/annual/mudda.py	varsha_vimsottari_bhukti	annual.mudda	360	N/A	duration = factor * year_duration / 360.0	/360,*year_duration	unknown	N/A	Moon	src/jhora/horoscope/dhasa/annual/mudda.py:L78-L80	DS900
src/jhora/horoscope/dhasa/annual/mudda.py	varsha_vimsottari_dasha_start_date	annual.mudda	360	N/A	period_elapsed = (rem / one_star) * period # yet to be traversed in days	*year_duration	nakshatra_fraction	period_elapsed = (rem / one_star) * period # yet to be traversed in days	Moon	src/jhora/horoscope/dhasa/annual/mudda.py:L55-L57	DS900
src/jhora/horoscope/dhasa/annual/mudda.py	varsha_vimsottari_dhasa_bhukthi	annual.mudda	Unknown	N/A	N/A	none	unknown	N/A	Unknown	src/jhora/horoscope/dhasa/annual/mudda.py:L122-L124	DS900
src/jhora/horoscope/dhasa/annual/mudda.py	varsha_vimsottari_mahadasa	annual.mudda	360	N/A	duration = const.varsha_vimsottari_days[lord] * year_duration / 360.0	/360,*year_duration	unknown	N/A	Unknown	src/jhora/horoscope/dhasa/annual/mudda.py:L65-L67	DS14
src/jhora/horoscope/dhasa/annual/patyayini.py	patyayini_dhasa	annual.patyayini	Unknown	N/A	@return patyayini dhasa values as a list [planet, dhasa_duration in days]	none	unknown	N/A	Unknown	src/jhora/horoscope/dhasa/annual/patyayini.py:L32-L34	DS900
src/jhora/horoscope/dhasa/graha/aayu.py	amsayu_dhasa_bhukthi	graha.aayu	Unknown	N/A	N/A	none	unknown	N/A	Unknown	src/jhora/horoscope/dhasa/graha/aayu.py:L489-L491	DS900
src/jhora/horoscope/dhasa/graha/aayu.py	get_dhasa_antardhasa	graha.aayu	Unknown	N/A	_lagna_duration = _lagna_longevity(jd,place,divisional_chart_factor=divisional_chart_factor,chart_method=chart_method)	none	unknown	N/A	Mixed	src/jhora/horoscope/dhasa/graha/aayu.py:L433-L435	DS900
src/jhora/horoscope/dhasa/graha/aayu.py	nisargayu_dhasa_bhukthi	graha.aayu	Unknown	N/A	N/A	none	unknown	N/A	Unknown	src/jhora/horoscope/dhasa/graha/aayu.py:L484-L486	DS900
src/jhora/horoscope/dhasa/graha/aayu.py	pindayu_dhasa_bhukthi	graha.aayu	Unknown	N/A	N/A	none	unknown	N/A	Unknown	src/jhora/horoscope/dhasa/graha/aayu.py:L479-L481	DS900
src/jhora/horoscope/dhasa/graha/ashtottari.py	_get_dhasa_dict	graha.ashtottari	Unknown	N/A	N/A	none	unknown	N/A	Unknown	src/jhora/horoscope/dhasa/graha/ashtottari.py:L48-L50	DS900
src/jhora/horoscope/dhasa/graha/ashtottari.py	ashtottari_anthara	graha.ashtottari	Unknown	N/A	dhasa_lord_duration = ashtottari_adhipathi_dict[dhasa_lord][1]	*year_duration	unknown	N/A	Moon	src/jhora/horoscope/dhasa/graha/ashtottari.py:L157-L159	DS900
src/jhora/horoscope/dhasa/graha/ashtottari.py	ashtottari_bhukthi	graha.ashtottari	Unknown	N/A	dhasa_lord_duration = ashtottari_adhipathi_dict[lord][1]	*year_duration	unknown	N/A	Moon	src/jhora/horoscope/dhasa/graha/ashtottari.py:L145-L147	DS900
src/jhora/horoscope/dhasa/graha/ashtottari.py	ashtottari_dasha_start_date	graha.ashtottari	360	N/A	period_elapsed = ( planet_long - (start_nak-1)*one_star)/((end_nak-start_nak+1)*one_star)	*year_duration	nakshatra_fraction	period_elapsed = ( planet_long - (start_nak-1)*one_star)/((end_nak-start_nak+1)*one_star)	Mixed	src/jhora/horoscope/dhasa/graha/ashtottari.py:L106-L108	DS08
src/jhora/horoscope/dhasa/graha/ashtottari.py	ashtottari_mahadasa	graha.ashtottari	Unknown	N/A	lord_duration = ashtottari_adhipathi_dict[lord][1]	*year_duration	unknown	N/A	Mixed	src/jhora/horoscope/dhasa/graha/ashtottari.py:L129-L131	DS900
src/jhora/horoscope/dhasa/graha/ashtottari.py	get_ashtottari_dhasa_bhukthi	graha.ashtottari	Unknown	N/A	N/A	none	unknown	N/A	Mixed	src/jhora/horoscope/dhasa/graha/ashtottari.py:L167-L169	DS900
src/jhora/horoscope/dhasa/graha/buddhi_gathi.py	get_dhasa_bhukthi	graha.buddhi_gathi	sidereal_year	N/A	dhasa_bhukthi_info = []; dhasa_len = len(dhasa_progression); total_dhasa_duration = 0	*const.sidereal_year	unknown	N/A	Lagna	src/jhora/horoscope/dhasa/graha/buddhi_gathi.py:L63-L65	DS900
src/jhora/horoscope/dhasa/graha/chathuraaseethi_sama.py	_antardhasa	graha.chathuraaseethi_sama	Unknown	N/A	N/A	none	unknown	N/A	Unknown	src/jhora/horoscope/dhasa/graha/chathuraaseethi_sama.py:L61-L63	DS900
src/jhora/horoscope/dhasa/graha/chathuraaseethi_sama.py	_dhasa_start	graha.chathuraaseethi_sama	sidereal_year,360	N/A	period_elapsed = rem / one_star * period # years	none	nakshatra_fraction	period_elapsed = rem / one_star * period # years	Mixed	src/jhora/horoscope/dhasa/graha/chathuraaseethi_sama.py:L109-L111	DS900
src/jhora/horoscope/dhasa/graha/chathuraaseethi_sama.py	_get_dhasa_dict	graha.chathuraaseethi_sama	Unknown	N/A	N/A	none	unknown	N/A	Unknown	src/jhora/horoscope/dhasa/graha/chathuraaseethi_sama.py:L45-L47	DS900
src/jhora/horoscope/dhasa/graha/chathuraaseethi_sama.py	_maha_dhasa	graha.chathuraaseethi_sama	Unknown	N/A	N/A	none	unknown	N/A	Unknown	src/jhora/horoscope/dhasa/graha/chathuraaseethi_sama.py:L58-L60	DS900
src/jhora/horoscope/dhasa/graha/chathuraaseethi_sama.py	get_dhasa_bhukthi	graha.chathuraaseethi_sama	sidereal_year	N/A	_dhasa_duration = round(dhasa_adhipathi_list[dhasa_lord]*_tribhagi_factor,2)	none	unknown	N/A	Mixed	src/jhora/horoscope/dhasa/graha/chathuraaseethi_sama.py:L156-L158	DS900
src/jhora/horoscope/dhasa/graha/dwadasottari.py	_antardhasa	graha.dwadasottari	Unknown	N/A	N/A	none	unknown	N/A	Unknown	src/jhora/horoscope/dhasa/graha/dwadasottari.py:L56-L58	DS900
src/jhora/horoscope/dhasa/graha/dwadasottari.py	_dhasa_start	graha.dwadasottari	sidereal_year,360	N/A	period_elapsed = rem / one_star * period # years	none	nakshatra_fraction	period_elapsed = rem / one_star * period # years	Mixed	src/jhora/horoscope/dhasa/graha/dwadasottari.py:L105-L107	DS900
src/jhora/horoscope/dhasa/graha/dwadasottari.py	_get_dhasa_dict	graha.dwadasottari	Unknown	N/A	N/A	none	unknown	N/A	Unknown	src/jhora/horoscope/dhasa/graha/dwadasottari.py:L40-L42	DS900
src/jhora/horoscope/dhasa/graha/dwadasottari.py	_maha_dhasa	graha.dwadasottari	Unknown	N/A	N/A	none	unknown	N/A	Unknown	src/jhora/horoscope/dhasa/graha/dwadasottari.py:L53-L55	DS900
src/jhora/horoscope/dhasa/graha/dwadasottari.py	get_dhasa_bhukthi	graha.dwadasottari	sidereal_year	N/A	_dhasa_duration = round(dhasa_adhipathi_list[dhasa_lord]*_tribhagi_factor,2)	none	unknown	N/A	Mixed	src/jhora/horoscope/dhasa/graha/dwadasottari.py:L150-L152	DS900
src/jhora/horoscope/dhasa/graha/dwisatpathi.py	_antardhasa	graha.dwisatpathi	Unknown	N/A	N/A	none	unknown	N/A	Unknown	src/jhora/horoscope/dhasa/graha/dwisatpathi.py:L58-L60	DS900
src/jhora/horoscope/dhasa/graha/dwisatpathi.py	_dhasa_start	graha.dwisatpathi	sidereal_year,360	N/A	period_elapsed = rem / one_star * period # years	none	nakshatra_fraction	period_elapsed = rem / one_star * period # years	Mixed	src/jhora/horoscope/dhasa/graha/dwisatpathi.py:L107-L109	DS900
src/jhora/horoscope/dhasa/graha/dwisatpathi.py	_get_dhasa_dict	graha.dwisatpathi	Unknown	N/A	N/A	none	unknown	N/A	Unknown	src/jhora/horoscope/dhasa/graha/dwisatpathi.py:L42-L44	DS900
src/jhora/horoscope/dhasa/graha/dwisatpathi.py	_maha_dhasa	graha.dwisatpathi	Unknown	N/A	N/A	none	unknown	N/A	Unknown	src/jhora/horoscope/dhasa/graha/dwisatpathi.py:L55-L57	DS900
src/jhora/horoscope/dhasa/graha/dwisatpathi.py	get_dhasa_bhukthi	graha.dwisatpathi	sidereal_year	N/A	_dhasa_duration = round(dhasa_adhipathi_list[dhasa_lord]*_tribhagi_factor,2)	none	unknown	N/A	Mixed	src/jhora/horoscope/dhasa/graha/dwisatpathi.py:L153-L155	DS900
src/jhora/horoscope/dhasa/graha/kaala.py	_dhasa_progression_and_periods	graha.kaala	Unknown	N/A	N/A	none	unknown	N/A	Unknown	src/jhora/horoscope/dhasa/graha/kaala.py:L26-L28	DS900
src/jhora/horoscope/dhasa/graha/kaala.py	get_dhasa_antardhasa	graha.kaala	sidereal_year	N/A	_dhasa_duration = dhasas_first[dhasa_lord]	*const.sidereal_year	unknown	N/A	Unknown	src/jhora/horoscope/dhasa/graha/kaala.py:L84-L86	DS900
src/jhora/horoscope/dhasa/graha/karaka.py	get_dhasa_antardhasa	graha.karaka	Unknown	N/A	duration = (k_h - asc_house + 12)%12	*year_duration	unknown	N/A	Lagna	src/jhora/horoscope/dhasa/graha/karaka.py:L56-L58	DS900
src/jhora/horoscope/dhasa/graha/karana_chathuraaseethi_sama.py	_antardhasa	graha.karana_chathuraaseethi_sama	Unknown	N/A	N/A	none	unknown	N/A	KaranaPoint	src/jhora/horoscope/dhasa/graha/karana_chathuraaseethi_sama.py:L41-L43	DS900
src/jhora/horoscope/dhasa/graha/karana_chathuraaseethi_sama.py	_dhasa_adhipathi	graha.karana_chathuraaseethi_sama	Unknown	N/A	N/A	none	unknown	N/A	KaranaPoint	src/jhora/horoscope/dhasa/graha/karana_chathuraaseethi_sama.py:L30-L32	DS900
src/jhora/horoscope/dhasa/graha/karana_chathuraaseethi_sama.py	_dhasa_start	graha.karana_chathuraaseethi_sama	Unknown	N/A	period_elapsed = (1-k_frac)*res*year_duration	*year_duration	elapsed_period_backsolve	k_frac = utils.get_fraction(_kar[1], _kar[2], birth_time_hrs)	KaranaPoint	src/jhora/horoscope/dhasa/graha/karana_chathuraaseethi_sama.py:L58-L60	DS900
src/jhora/horoscope/dhasa/graha/karana_chathuraaseethi_sama.py	_maha_dhasa	graha.karana_chathuraaseethi_sama	Unknown	N/A	N/A	none	unknown	N/A	KaranaPoint	src/jhora/horoscope/dhasa/graha/karana_chathuraaseethi_sama.py:L39-L40	DS900
src/jhora/horoscope/dhasa/graha/karana_chathuraaseethi_sama.py	get_dhasa_bhukthi	graha.karana_chathuraaseethi_sama	Unknown	N/A	_dhasa_duration = round(dhasa_adhipathi_list[dhasa_lord]*_tribhagi_factor,2)	*year_duration	unknown	N/A	KaranaPoint	src/jhora/horoscope/dhasa/graha/karana_chathuraaseethi_sama.py:L82-L84	DS900
src/jhora/horoscope/dhasa/graha/naisargika.py	get_dhasa_bhukthi	graha.naisargika	sidereal_year	N/A	duration = dhasa_adhipathi_dict[dhasa_lord]	*const.sidereal_year	unknown	N/A	Lagna	src/jhora/horoscope/dhasa/graha/naisargika.py:L63-L65	DS900
src/jhora/horoscope/dhasa/graha/panchottari.py	_antardhasa	graha.panchottari	Unknown	N/A	N/A	none	unknown	N/A	Unknown	src/jhora/horoscope/dhasa/graha/panchottari.py:L56-L58	DS900
src/jhora/horoscope/dhasa/graha/panchottari.py	_dhasa_start	graha.panchottari	sidereal_year,360	N/A	period_elapsed = rem / one_star * period # years	none	nakshatra_fraction	period_elapsed = rem / one_star * period # years	Mixed	src/jhora/horoscope/dhasa/graha/panchottari.py:L105-L107	DS900
src/jhora/horoscope/dhasa/graha/panchottari.py	_get_dhasa_dict	graha.panchottari	Unknown	N/A	N/A	none	unknown	N/A	Unknown	src/jhora/horoscope/dhasa/graha/panchottari.py:L40-L42	DS900
src/jhora/horoscope/dhasa/graha/panchottari.py	_maha_dhasa	graha.panchottari	Unknown	N/A	N/A	none	unknown	N/A	Unknown	src/jhora/horoscope/dhasa/graha/panchottari.py:L53-L55	DS900
src/jhora/horoscope/dhasa/graha/panchottari.py	get_dhasa_bhukthi	graha.panchottari	sidereal_year	N/A	_dhasa_duration = round(dhasa_adhipathi_list[dhasa_lord]*_tribhagi_factor,2)	none	unknown	N/A	Mixed	src/jhora/horoscope/dhasa/graha/panchottari.py:L148-L150	DS900
src/jhora/horoscope/dhasa/graha/saptharishi_nakshathra.py	_antardhasa	graha.saptharishi_nakshathra	Unknown	N/A	N/A	none	unknown	N/A	Unknown	src/jhora/horoscope/dhasa/graha/saptharishi_nakshathra.py:L36-L38	DS900
src/jhora/horoscope/dhasa/graha/saptharishi_nakshathra.py	_dhasa_progression	graha.saptharishi_nakshathra	360	N/A	N/A	none	unknown	N/A	Mixed	src/jhora/horoscope/dhasa/graha/saptharishi_nakshathra.py:L50-L52	DS900
src/jhora/horoscope/dhasa/graha/saptharishi_nakshathra.py	get_dhasa_bhukthi	graha.saptharishi_nakshathra	Unknown	N/A	dhasa_duration = _dhasa_duration*_tribhagi_factor	*year_duration	unknown	N/A	Mixed	src/jhora/horoscope/dhasa/graha/saptharishi_nakshathra.py:L132-L134	DS900
src/jhora/horoscope/dhasa/graha/sataatbika.py	_antardhasa	graha.sataatbika	Unknown	N/A	N/A	none	unknown	N/A	Unknown	src/jhora/horoscope/dhasa/graha/sataatbika.py:L59-L61	DS900
src/jhora/horoscope/dhasa/graha/sataatbika.py	_dhasa_start	graha.sataatbika	sidereal_year,360	N/A	period_elapsed = rem / one_star * period # years	none	nakshatra_fraction	period_elapsed = rem / one_star * period # years	Mixed	src/jhora/horoscope/dhasa/graha/sataatbika.py:L108-L110	DS900
src/jhora/horoscope/dhasa/graha/sataatbika.py	_get_dhasa_dict	graha.sataatbika	Unknown	N/A	N/A	none	unknown	N/A	Unknown	src/jhora/horoscope/dhasa/graha/sataatbika.py:L43-L45	DS900
src/jhora/horoscope/dhasa/graha/sataatbika.py	_maha_dhasa	graha.sataatbika	Unknown	N/A	N/A	none	unknown	N/A	Unknown	src/jhora/horoscope/dhasa/graha/sataatbika.py:L56-L58	DS900
src/jhora/horoscope/dhasa/graha/sataatbika.py	get_dhasa_bhukthi	graha.sataatbika	sidereal_year	N/A	_dhasa_duration = round(dhasa_adhipathi_list[dhasa_lord]*_tribhagi_factor,2)	none	unknown	N/A	Mixed	src/jhora/horoscope/dhasa/graha/sataatbika.py:L151-L153	DS900
src/jhora/horoscope/dhasa/graha/shastihayani.py	_antardhasa	graha.shastihayani	Unknown	N/A	N/A	none	unknown	N/A	Unknown	src/jhora/horoscope/dhasa/graha/shastihayani.py:L54-L56	DS900
src/jhora/horoscope/dhasa/graha/shastihayani.py	_dhasa_start	graha.shastihayani	360	N/A	period_elapsed = rem / one_star * period # years	none	nakshatra_fraction	period_elapsed = rem / one_star * period # years	Mixed	src/jhora/horoscope/dhasa/graha/shastihayani.py:L103-L105	DS900
src/jhora/horoscope/dhasa/graha/shastihayani.py	_get_dhasa_dict	graha.shastihayani	Unknown	N/A	N/A	none	unknown	N/A	Unknown	src/jhora/horoscope/dhasa/graha/shastihayani.py:L41-L43	DS900
src/jhora/horoscope/dhasa/graha/shastihayani.py	_maha_dhasa	graha.shastihayani	Unknown	N/A	N/A	none	unknown	N/A	Unknown	src/jhora/horoscope/dhasa/graha/shastihayani.py:L51-L53	DS900
src/jhora/horoscope/dhasa/graha/shastihayani.py	get_dhasa_bhukthi	graha.shastihayani	Unknown	N/A	_dhasa_duration = round(dhasa_adhipathi_list[dhasa_lord]*_tribhagi_factor,2)	*year_duration	unknown	N/A	Mixed	src/jhora/horoscope/dhasa/graha/shastihayani.py:L149-L151	DS900
src/jhora/horoscope/dhasa/graha/shattrimsa_sama.py	_antardhasa	graha.shattrimsa_sama	Unknown	N/A	N/A	none	unknown	N/A	Unknown	src/jhora/horoscope/dhasa/graha/shattrimsa_sama.py:L61-L63	DS900
src/jhora/horoscope/dhasa/graha/shattrimsa_sama.py	_dhasa_start	graha.shattrimsa_sama	sidereal_year,360	N/A	period_elapsed = rem / one_star * period # years	none	nakshatra_fraction	period_elapsed = rem / one_star * period # years	Mixed	src/jhora/horoscope/dhasa/graha/shattrimsa_sama.py:L110-L112	DS900
src/jhora/horoscope/dhasa/graha/shattrimsa_sama.py	_get_dhasa_dict	graha.shattrimsa_sama	Unknown	N/A	N/A	none	unknown	N/A	Unknown	src/jhora/horoscope/dhasa/graha/shattrimsa_sama.py:L45-L47	DS900
src/jhora/horoscope/dhasa/graha/shattrimsa_sama.py	_maha_dhasa	graha.shattrimsa_sama	Unknown	N/A	N/A	none	unknown	N/A	Unknown	src/jhora/horoscope/dhasa/graha/shattrimsa_sama.py:L58-L60	DS900
src/jhora/horoscope/dhasa/graha/shattrimsa_sama.py	get_dhasa_bhukthi	graha.shattrimsa_sama	sidereal_year	N/A	_dhasa_duration = round(dhasa_adhipathi_list[dhasa_lord]*_tribhagi_factor,2)	none	unknown	N/A	Mixed	src/jhora/horoscope/dhasa/graha/shattrimsa_sama.py:L155-L157	DS900
src/jhora/horoscope/dhasa/graha/shodasottari.py	_antardhasa	graha.shodasottari	Unknown	N/A	N/A	none	unknown	N/A	Unknown	src/jhora/horoscope/dhasa/graha/shodasottari.py:L52-L54	DS900
src/jhora/horoscope/dhasa/graha/shodasottari.py	_dhasa_start	graha.shodasottari	360	N/A	period_elapsed = rem / one_star * period # years	none	nakshatra_fraction	period_elapsed = rem / one_star * period # years	Mixed	src/jhora/horoscope/dhasa/graha/shodasottari.py:L94-L96	DS900
src/jhora/horoscope/dhasa/graha/shodasottari.py	_get_dhasa_dict	graha.shodasottari	Unknown	N/A	N/A	none	unknown	N/A	Unknown	src/jhora/horoscope/dhasa/graha/shodasottari.py:L36-L38	DS900
src/jhora/horoscope/dhasa/graha/shodasottari.py	_maha_dhasa	graha.shodasottari	Unknown	N/A	N/A	none	unknown	N/A	Unknown	src/jhora/horoscope/dhasa/graha/shodasottari.py:L49-L51	DS900
src/jhora/horoscope/dhasa/graha/shodasottari.py	get_dhasa_bhukthi	graha.shodasottari	Unknown	N/A	_dhasa_duration = round(dhasa_adhipathi_list[dhasa_lord]*_tribhagi_factor,2)	*year_duration	unknown	N/A	Mixed	src/jhora/horoscope/dhasa/graha/shodasottari.py:L138-L140	DS900
src/jhora/horoscope/dhasa/graha/tara.py	_antardhasa	graha.tara	Unknown	N/A	N/A	none	unknown	N/A	Unknown	src/jhora/horoscope/dhasa/graha/tara.py:L44-L46	DS900
src/jhora/horoscope/dhasa/graha/tara.py	_dhasa_start	graha.tara	360	N/A	period_elapsed = rem / one_star * period # years	none	nakshatra_fraction	period_elapsed = rem / one_star * period # years	Moon	src/jhora/horoscope/dhasa/graha/tara.py:L57-L59	DS900
src/jhora/horoscope/dhasa/graha/tara.py	get_dhasa_bhukthi	graha.tara	Unknown	N/A	_dhasa_duration = dhasa_adhipathi_dict[dhasa_lord]	*year_duration	unknown	N/A	Mixed	src/jhora/horoscope/dhasa/graha/tara.py:L106-L108	DS900
src/jhora/horoscope/dhasa/graha/tithi_ashtottari.py	ashtottari_anthara	graha.tithi_ashtottari	Unknown	N/A	dhasa_lord_duration = ashtottari_adhipathi_dict[dhasa_lord][1]	*year_duration	unknown	N/A	Moon	src/jhora/horoscope/dhasa/graha/tithi_ashtottari.py:L94-L96	DS900
src/jhora/horoscope/dhasa/graha/tithi_ashtottari.py	ashtottari_bhukthi	graha.tithi_ashtottari	Unknown	N/A	dhasa_lord_duration = ashtottari_adhipathi_dict[dhasa_lord][1]	*year_duration	unknown	N/A	Moon	src/jhora/horoscope/dhasa/graha/tithi_ashtottari.py:L80-L82	DS29
src/jhora/horoscope/dhasa/graha/tithi_ashtottari.py	ashtottari_dasha_start_date	graha.tithi_ashtottari	Unknown	N/A	period_elapsed = (1-t_frac)*res*year_duration	*year_duration	nakshatra_fraction	t_frac = utils.get_fraction(tit[1], tit[2], birth_time_hrs)	Moon	src/jhora/horoscope/dhasa/graha/tithi_ashtottari.py:L49-L51	DS09
src/jhora/horoscope/dhasa/graha/tithi_ashtottari.py	ashtottari_mahadasa	graha.tithi_ashtottari	Unknown	N/A	lord_duration = ashtottari_adhipathi_dict[lord][1]	*year_duration	unknown	N/A	Unknown	src/jhora/horoscope/dhasa/graha/tithi_ashtottari.py:L66-L68	DS900
src/jhora/horoscope/dhasa/graha/tithi_ashtottari.py	get_ashtottari_dhasa_bhukthi	graha.tithi_ashtottari	Unknown	N/A	N/A	none	unknown	N/A	Unknown	src/jhora/horoscope/dhasa/graha/tithi_ashtottari.py:L104-L106	DS900
src/jhora/horoscope/dhasa/graha/tithi_yogini.py	_antardhasa	graha.tithi_yogini	Unknown	N/A	N/A	none	unknown	N/A	Unknown	src/jhora/horoscope/dhasa/graha/tithi_yogini.py:L57-L59	DS900
src/jhora/horoscope/dhasa/graha/tithi_yogini.py	_dhasa_start	graha.tithi_yogini	Unknown	N/A	period_elapsed = (1-t_frac)*res*year_duration	*year_duration	nakshatra_fraction	t_frac = utils.get_fraction(tit[1], tit[2], birth_time_hrs)	Moon	src/jhora/horoscope/dhasa/graha/tithi_yogini.py:L74-L76	DS10
src/jhora/horoscope/dhasa/graha/tithi_yogini.py	_get_dhasa_dict	graha.tithi_yogini	Unknown	N/A	N/A	none	unknown	N/A	Unknown	src/jhora/horoscope/dhasa/graha/tithi_yogini.py:L43-L45	DS900
src/jhora/horoscope/dhasa/graha/tithi_yogini.py	_maha_dhasa	graha.tithi_yogini	Unknown	N/A	N/A	none	unknown	N/A	Unknown	src/jhora/horoscope/dhasa/graha/tithi_yogini.py:L55-L56	DS900
src/jhora/horoscope/dhasa/graha/tithi_yogini.py	get_dhasa_bhukthi	graha.tithi_yogini	Unknown	N/A	_dhasa_duration = dhasa_adhipathi_list[dhasa_lord]	*year_duration	unknown	N/A	Unknown	src/jhora/horoscope/dhasa/graha/tithi_yogini.py:L107-L109	DS900
src/jhora/horoscope/dhasa/graha/vimsottari.py	_vimsottari_antara	graha.vimsottari	Unknown	N/A	start_date += factor * year_duration	*year_duration	unknown	N/A	Unknown	src/jhora/horoscope/dhasa/graha/vimsottari.py:L134-L136	DS900
src/jhora/horoscope/dhasa/graha/vimsottari.py	_vimsottari_bhukti	graha.vimsottari	Unknown	N/A	start_date += factor * year_duration	*year_duration	unknown	N/A	Moon	src/jhora/horoscope/dhasa/graha/vimsottari.py:L118-L120	DS06
src/jhora/horoscope/dhasa/graha/vimsottari.py	_vimsottari_rasi_bhukthi	graha.vimsottari	Unknown	N/A	bhukthi_duration = vimsottari_dict[maha_lord]/12	/12,*year_duration	unknown	N/A	Moon	src/jhora/horoscope/dhasa/graha/vimsottari.py:L99-L101	DS900
src/jhora/horoscope/dhasa/graha/vimsottari.py	compute_vimsottari_antara_from	graha.vimsottari	Unknown	N/A	N/A	none	unknown	N/A	Unknown	src/jhora/horoscope/dhasa/graha/vimsottari.py:L148-L150	DS900
src/jhora/horoscope/dhasa/graha/vimsottari.py	get_vimsottari_dhasa_bhukthi	graha.vimsottari	Unknown	N/A	N/A	none	unknown	N/A	Mixed	src/jhora/horoscope/dhasa/graha/vimsottari.py:L161-L163	DS900
src/jhora/horoscope/dhasa/graha/vimsottari.py	vimsottari_dasha_start_date	graha.vimsottari	360	N/A	period_elapsed = rem / one_star * period # years	none	nakshatra_fraction	period_elapsed = rem / one_star * period # years	Mixed	src/jhora/horoscope/dhasa/graha/vimsottari.py:L77-L79	DS05
src/jhora/horoscope/dhasa/graha/vimsottari.py	vimsottari_mahadasa	graha.vimsottari	Unknown	N/A	start_date += vimsottari_dict[lord] * year_duration	*year_duration	unknown	N/A	Mixed	src/jhora/horoscope/dhasa/graha/vimsottari.py:L91-L93	DS900
src/jhora/horoscope/dhasa/graha/yoga_vimsottari.py	_vimsottari_antara	graha.yoga_vimsottari	sidereal_year	N/A	start_date += factor * sidereal_year	none	unknown	N/A	YogaPoint	src/jhora/horoscope/dhasa/graha/yoga_vimsottari.py:L94-L96	DS900
src/jhora/horoscope/dhasa/graha/yoga_vimsottari.py	_vimsottari_bhukti	graha.yoga_vimsottari	sidereal_year	N/A	dhasa_lord_duration = vimsottari_dict[maha_lord][1]	none	unknown	N/A	Mixed	src/jhora/horoscope/dhasa/graha/yoga_vimsottari.py:L73-L75	DS900
src/jhora/horoscope/dhasa/graha/yoga_vimsottari.py	compute_vimsottari_antara_from	graha.yoga_vimsottari	Unknown	N/A	N/A	none	unknown	N/A	YogaPoint	src/jhora/horoscope/dhasa/graha/yoga_vimsottari.py:L108-L110	DS900
src/jhora/horoscope/dhasa/graha/yoga_vimsottari.py	get_dhasa_bhukthi	graha.yoga_vimsottari	Unknown	N/A	N/A	none	unknown	N/A	YogaPoint	src/jhora/horoscope/dhasa/graha/yoga_vimsottari.py:L121-L123	DS900
src/jhora/horoscope/dhasa/graha/yoga_vimsottari.py	vimsottari_dasha_start_date	graha.yoga_vimsottari	sidereal_year	N/A	period_elapsed = (1-y_frac)*res*sidereal_year	none	nakshatra_fraction	y_frac = utils.get_fraction(_yoga[1], _yoga[2], birth_time_hrs)	Mixed	src/jhora/horoscope/dhasa/graha/yoga_vimsottari.py:L49-L51	DS11
src/jhora/horoscope/dhasa/graha/yoga_vimsottari.py	vimsottari_mahadasa	graha.yoga_vimsottari	sidereal_year	N/A	retval[lord] = start_date; lord_duration = vimsottari_dict[lord][1]	none	unknown	N/A	YogaPoint	src/jhora/horoscope/dhasa/graha/yoga_vimsottari.py:L59-L61	DS900
src/jhora/horoscope/dhasa/graha/yogini.py	_antardhasa	graha.yogini	Unknown	N/A	N/A	none	unknown	N/A	Unknown	src/jhora/horoscope/dhasa/graha/yogini.py:L53-L55	DS900
src/jhora/horoscope/dhasa/graha/yogini.py	_dhasa_start	graha.yogini	360	N/A	period_elapsed = rem / one_star * period # years	none	nakshatra_fraction	period_elapsed = rem / one_star * period # years	Mixed	src/jhora/horoscope/dhasa/graha/yogini.py:L99-L101	DS12
src/jhora/horoscope/dhasa/graha/yogini.py	_get_dhasa_dict	graha.yogini	Unknown	N/A	N/A	none	unknown	N/A	Unknown	src/jhora/horoscope/dhasa/graha/yogini.py:L38-L40	DS900
src/jhora/horoscope/dhasa/graha/yogini.py	_maha_dhasa	graha.yogini	Unknown	N/A	N/A	none	unknown	N/A	Unknown	src/jhora/horoscope/dhasa/graha/yogini.py:L50-L52	DS900
src/jhora/horoscope/dhasa/graha/yogini.py	get_dhasa_bhukthi	graha.yogini	Unknown	N/A	_dhasa_duration = dhasa_adhipathi_list[dhasa_lord]	*year_duration	unknown	N/A	Mixed	src/jhora/horoscope/dhasa/graha/yogini.py:L139-L141	DS900
src/jhora/horoscope/dhasa/raasi/brahma.py	_dhasa_duration	raasi.brahma	Unknown	N/A	def _dhasa_duration(planet_positions, sign):	none	unknown	N/A	Unknown	src/jhora/horoscope/dhasa/raasi/brahma.py:L26-L28	DS900
src/jhora/horoscope/dhasa/raasi/brahma.py	get_dhasa_antardhasa	raasi.brahma	Unknown	N/A	duration = _dhasa_duration(planet_positions, dhasa_lord)	/12,*year_duration	unknown	N/A	Unknown	src/jhora/horoscope/dhasa/raasi/brahma.py:L54-L56	DS900
src/jhora/horoscope/dhasa/raasi/chakra.py	_dhasa_seed	raasi.chakra	Unknown	N/A	N/A	none	unknown	N/A	Lagna	src/jhora/horoscope/dhasa/raasi/chakra.py:L31-L33	DS900
src/jhora/horoscope/dhasa/raasi/chakra.py	get_dhasa_antardhasa	raasi.chakra	Unknown	N/A	_bhukthi_duration = _dhasa_duration/12.0	/12,*year_duration	unknown	N/A	Lagna	src/jhora/horoscope/dhasa/raasi/chakra.py:L78-L80	DS900
src/jhora/horoscope/dhasa/raasi/chara.py	_antardhasa	raasi.chara	Unknown	N/A	N/A	none	unknown	N/A	Unknown	src/jhora/horoscope/dhasa/raasi/chara.py:L184-L186	DS900
src/jhora/horoscope/dhasa/raasi/chara.py	_dhasa_duration	raasi.chara	Unknown	N/A	def _dhasa_duration(planet_positions,sign):	none	unknown	N/A	Unknown	src/jhora/horoscope/dhasa/raasi/chara.py:L181-L182	DS900
src/jhora/horoscope/dhasa/raasi/chara.py	_dhasa_duration_knrao_method	raasi.chara	Unknown	N/A	def _dhasa_duration_knrao_method(planet_positions,sign):	none	unknown	N/A	Unknown	src/jhora/horoscope/dhasa/raasi/chara.py:L32-L34	DS900
src/jhora/horoscope/dhasa/raasi/chara.py	_dhasa_duration_pvnrao_method	raasi.chara	Unknown	N/A	def _dhasa_duration_pvnrao_method(planet_positions,sign):	none	unknown	N/A	Unknown	src/jhora/horoscope/dhasa/raasi/chara.py:L56-L58	DS900
src/jhora/horoscope/dhasa/raasi/chara.py	_dhasa_duration_raghava_bhatta_method	raasi.chara	Unknown	N/A	def _dhasa_duration_raghava_bhatta_method(planet_positions,sign):	none	unknown	N/A	Unknown	src/jhora/horoscope/dhasa/raasi/chara.py:L121-L123	DS900
src/jhora/horoscope/dhasa/raasi/chara.py	_dhasa_duration_rangacharya_method	raasi.chara	Unknown	N/A	def _dhasa_duration_rangacharya_method(planet_positions,sign,gender):	none	unknown	N/A	Unknown	src/jhora/horoscope/dhasa/raasi/chara.py:L154-L156	DS900
src/jhora/horoscope/dhasa/raasi/chara.py	_dhasa_progression_knrao_method	raasi.chara	Unknown	N/A	N/A	none	unknown	N/A	Lagna	src/jhora/horoscope/dhasa/raasi/chara.py:L209-L211	DS900
src/jhora/horoscope/dhasa/raasi/chara.py	_dhasa_progression_pvnrao_method	raasi.chara	Unknown	N/A	N/A	none	unknown	N/A	Mixed	src/jhora/horoscope/dhasa/raasi/chara.py:L187-L189	DS900
src/jhora/horoscope/dhasa/raasi/chara.py	_dhasa_progression_raghava_bhatta_method	raasi.chara	Unknown	N/A	N/A	none	unknown	N/A	Lagna	src/jhora/horoscope/dhasa/raasi/chara.py:L217-L219	DS900
src/jhora/horoscope/dhasa/raasi/chara.py	get_dhasa_antardhasa	raasi.chara	Unknown	N/A	dd = _dhasa_duration_knrao_method(planet_positions, lord) if chara_method==1 else _dhasa_duration_pvnrao_method(planet_positions, lord)	/12	unknown	N/A	Unknown	src/jhora/horoscope/dhasa/raasi/chara.py:L241-L243	DS20
src/jhora/horoscope/dhasa/raasi/drig.py	_antardhasa	raasi.drig	Unknown	N/A	N/A	none	unknown	N/A	Unknown	src/jhora/horoscope/dhasa/raasi/drig.py:L93-L95	DS900
src/jhora/horoscope/dhasa/raasi/drig.py	drig_dhasa	raasi.drig	sidereal_year	N/A	Format: [ [dhasa_lord, dhasa_start_date, dhasa_end_date, [bhukthi_lord1, bhukthi_lord2...], dhasa_duration],...]	/12,*const.sidereal_year	fixed_rule	dhasa_duration = 12 - dhasa_info[c][-1]	Lagna	src/jhora/horoscope/dhasa/raasi/drig.py:L35-L37	DS900
src/jhora/horoscope/dhasa/raasi/drig.py	drig_dhasa_bhukthi	raasi.drig	Unknown	N/A	N/A	none	unknown	N/A	Unknown	src/jhora/horoscope/dhasa/raasi/drig.py:L25-L27	DS900
src/jhora/horoscope/dhasa/raasi/kalachakra.py	_get_dhasa_progression	raasi.kalachakra	360	N/A	dhasa_duration = [const.kalachakra_dhasa_duration[r] for r in dhasa_progression]	none	unknown	N/A	Moon	src/jhora/horoscope/dhasa/raasi/kalachakra.py:L41-L43	DS21
src/jhora/horoscope/dhasa/raasi/kalachakra.py	antardhasa	raasi.kalachakra	Unknown	N/A	antardhasa_duration = [const.kalachakra_dhasa_duration[r] for r in antardhasa_progression]	none	unknown	N/A	Unknown	src/jhora/horoscope/dhasa/raasi/kalachakra.py:L76-L78	DS900
src/jhora/horoscope/dhasa/raasi/kalachakra.py	get_dhasa_bhukthi	raasi.kalachakra	360	N/A	N/A	none	unknown	N/A	Mixed	src/jhora/horoscope/dhasa/raasi/kalachakra.py:L115-L117	DS900
src/jhora/horoscope/dhasa/raasi/kalachakra.py	kalachakra_dhasa	raasi.kalachakra	sidereal_year	N/A	bhukthi_lord = ad[0][b]; bhukthi_duration = ad[1][b]	*const.sidereal_year	unknown	N/A	Moon	src/jhora/horoscope/dhasa/raasi/kalachakra.py:L102-L104	DS22
src/jhora/horoscope/dhasa/raasi/kendradhi_rasi.py	_antardhasa	raasi.kendradhi_rasi	Unknown	N/A	N/A	none	unknown	N/A	Unknown	src/jhora/horoscope/dhasa/raasi/kendradhi_rasi.py:L154-L156	DS900
src/jhora/horoscope/dhasa/raasi/kendradhi_rasi.py	karaka_kendradhi_rasi_dhasa	raasi.kendradhi_rasi	sidereal_year	N/A	dhasa_duration = narayana._dhasa_duration(planet_positions,dhasa_lord)	/12,*const.sidereal_year	fixed_rule	dhasa_duration = 12 - dhasa_info[c][-1]	Unknown	src/jhora/horoscope/dhasa/raasi/kendradhi_rasi.py:L115-L117	DS900
src/jhora/horoscope/dhasa/raasi/kendradhi_rasi.py	kendradhi_rasi_dhasa	raasi.kendradhi_rasi	sidereal_year	N/A	dhasa_duration = narayana._dhasa_duration(planet_positions,dhasa_lord)	/12,*const.sidereal_year	fixed_rule	dhasa_duration = 12 - dhasa_info[c][-1]	Lagna	src/jhora/horoscope/dhasa/raasi/kendradhi_rasi.py:L52-L54	DS900
src/jhora/horoscope/dhasa/raasi/kendradhi_rasi.py	lagna_kendradhi_rasi_dhasa	raasi.kendradhi_rasi	Unknown	N/A	N/A	none	unknown	N/A	Lagna	src/jhora/horoscope/dhasa/raasi/kendradhi_rasi.py:L26-L27	DS900
src/jhora/horoscope/dhasa/raasi/lagnamsaka.py	get_dhasa_antardhasa	raasi.lagnamsaka	Unknown	N/A	N/A	none	unknown	N/A	Lagna	src/jhora/horoscope/dhasa/raasi/lagnamsaka.py:L24-L26	DS900
src/jhora/horoscope/dhasa/raasi/mandooka.py	_dhasa_duration	raasi.mandooka	Unknown	N/A	def _dhasa_duration(lord):	none	unknown	N/A	Unknown	src/jhora/horoscope/dhasa/raasi/mandooka.py:L60-L62	DS900
src/jhora/horoscope/dhasa/raasi/mandooka.py	_dhasa_duration_kn_rao	raasi.mandooka	Unknown	N/A	def _dhasa_duration_kn_rao(planet_positions,sign):	none	unknown	N/A	Unknown	src/jhora/horoscope/dhasa/raasi/mandooka.py:L40-L42	DS900
src/jhora/horoscope/dhasa/raasi/mandooka.py	get_dhasa_antardhasa	raasi.mandooka	sidereal_year	N/A	duration = _dhasa_duration_kn_rao(planet_positions,dhasa_lord) #	/12	unknown	N/A	Lagna	src/jhora/horoscope/dhasa/raasi/mandooka.py:L91-L93	DS900
src/jhora/horoscope/dhasa/raasi/moola.py	_antardhasa	raasi.moola	Unknown	N/A	N/A	none	unknown	N/A	Unknown	src/jhora/horoscope/dhasa/raasi/moola.py:L95-L97	DS900
src/jhora/horoscope/dhasa/raasi/moola.py	moola_dhasa	raasi.moola	sidereal_year	N/A	dhasa_duration = narayana._dhasa_duration(pp,sign)	*const.sidereal_year	fixed_rule	dhasa_duration = 12 - dhasa_periods[c][-1]	Lagna	src/jhora/horoscope/dhasa/raasi/moola.py:L59-L61	DS900
src/jhora/horoscope/dhasa/raasi/narayana.py	_dhasa_duration	raasi.narayana	Unknown	N/A	def _dhasa_duration(planet_positions,sign,varsha_narayana=False):	none	unknown	N/A	Unknown	src/jhora/horoscope/dhasa/raasi/narayana.py:L25-L27	DS900
src/jhora/horoscope/dhasa/raasi/narayana.py	_narayana_antardhasa	raasi.narayana	Unknown	N/A	N/A	none	unknown	N/A	Unknown	src/jhora/horoscope/dhasa/raasi/narayana.py:L139-L141	DS900
src/jhora/horoscope/dhasa/raasi/narayana.py	_narayana_antardhasa_old	raasi.narayana	Unknown	N/A	N/A	none	unknown	N/A	Unknown	src/jhora/horoscope/dhasa/raasi/narayana.py:L154-L156	DS900
src/jhora/horoscope/dhasa/raasi/narayana.py	_narayana_dhasa_calculation	raasi.narayana	360	N/A	dhasa_duration = _dhasa_duration(planet_positions,dhasa_lord,varsha_narayana)	none	fixed_rule	dhasa_duration = (12 - dhasa_periods[c][-1])	Unknown	src/jhora/horoscope/dhasa/raasi/narayana.py:L65-L67	DS900
src/jhora/horoscope/dhasa/raasi/narayana.py	narayana_dhasa_for_divisional_chart	raasi.narayana	Unknown	N/A	N/A	none	unknown	N/A	Lagna	src/jhora/horoscope/dhasa/raasi/narayana.py:L106-L108	DS900
src/jhora/horoscope/dhasa/raasi/narayana.py	narayana_dhasa_for_rasi_chart	raasi.narayana	Unknown	N/A	N/A	none	unknown	N/A	Lagna	src/jhora/horoscope/dhasa/raasi/narayana.py:L130-L132	DS900
src/jhora/horoscope/dhasa/raasi/narayana.py	varsha_narayana_dhasa_bhukthi	raasi.narayana	Unknown	N/A	N/A	none	unknown	N/A	Lagna	src/jhora/horoscope/dhasa/raasi/narayana.py:L161-L163	DS900
src/jhora/horoscope/dhasa/raasi/navamsa.py	get_dhasa_antardhasa	raasi.navamsa	sidereal_year	N/A	duration = dhasa_duration	/12	unknown	N/A	Lagna	src/jhora/horoscope/dhasa/raasi/navamsa.py:L47-L49	DS900
src/jhora/horoscope/dhasa/raasi/nirayana.py	_antardhasa	raasi.nirayana	Unknown	N/A	N/A	none	unknown	N/A	Unknown	src/jhora/horoscope/dhasa/raasi/nirayana.py:L101-L103	DS900
src/jhora/horoscope/dhasa/raasi/nirayana.py	nirayana_shoola_dhasa	raasi.nirayana	sidereal_year	N/A	dhasa_duration = 7 # movable sign	/12,*const.sidereal_year	fixed_rule	dhasa_duration = 12 - dhasa_info[c][-1]	Lagna	src/jhora/horoscope/dhasa/raasi/nirayana.py:L58-L60	DS900
src/jhora/horoscope/dhasa/raasi/nirayana.py	nirayana_shoola_dhasa_bhukthi	raasi.nirayana	Unknown	N/A	N/A	none	unknown	N/A	Unknown	src/jhora/horoscope/dhasa/raasi/nirayana.py:L24-L26	DS900
src/jhora/horoscope/dhasa/raasi/padhanadhamsa.py	get_dhasa_antardhasa	raasi.padhanadhamsa	Unknown	N/A	N/A	none	unknown	N/A	Unknown	src/jhora/horoscope/dhasa/raasi/padhanadhamsa.py:L25-L27	DS900
src/jhora/horoscope/dhasa/raasi/paryaaya.py	_dhasa_duration	raasi.paryaaya	Unknown	N/A	def _dhasa_duration(planet_positions,dhasa_lord):	none	unknown	N/A	Unknown	src/jhora/horoscope/dhasa/raasi/paryaaya.py:L31-L33	DS900
src/jhora/horoscope/dhasa/raasi/paryaaya.py	_dhasa_lords	raasi.paryaaya	Unknown	N/A	N/A	none	unknown	N/A	Unknown	src/jhora/horoscope/dhasa/raasi/paryaaya.py:L39-L41	DS900
src/jhora/horoscope/dhasa/raasi/paryaaya.py	get_dhasa_antardhasa	raasi.paryaaya	sidereal_year	N/A	duration = round(_dhasa_duration(planet_positions,dhasa_lord)*_tribhagi_factor,2)	/12	unknown	N/A	Lagna	src/jhora/horoscope/dhasa/raasi/paryaaya.py:L79-L81	DS900
src/jhora/horoscope/dhasa/raasi/sandhya.py	get_dhasa_antardhasa	raasi.sandhya	sidereal_year	N/A	for dhasa_lord, dhasa_duration in _dhasa_progression:	/12,*const.sidereal_year	unknown	N/A	Unknown	src/jhora/horoscope/dhasa/raasi/sandhya.py:L44-L46	DS900
src/jhora/horoscope/dhasa/raasi/shoola.py	_antardhasa	raasi.shoola	Unknown	N/A	N/A	none	unknown	N/A	Unknown	src/jhora/horoscope/dhasa/raasi/shoola.py:L152-L154	DS900
src/jhora/horoscope/dhasa/raasi/shoola.py	_shoola_dhasa	raasi.shoola	Unknown	N/A	dhasa_duration = 9	none	fixed_rule	dhasa_duration = 12 - dhasa_periods[c][-1]	Lagna	src/jhora/horoscope/dhasa/raasi/shoola.py:L125-L127	DS900
src/jhora/horoscope/dhasa/raasi/shoola.py	shoola_dhasa	raasi.shoola	sidereal_year	N/A	dhasa_duration = 9	/12,*const.sidereal_year	fixed_rule	dhasa_duration = 12 - dhasa_info[c][-1]	Lagna	src/jhora/horoscope/dhasa/raasi/shoola.py:L55-L57	DS900
src/jhora/horoscope/dhasa/raasi/shoola.py	shoola_dhasa_bhukthi	raasi.shoola	Unknown	N/A	N/A	none	unknown	N/A	Unknown	src/jhora/horoscope/dhasa/raasi/shoola.py:L24-L26	DS900
src/jhora/horoscope/dhasa/raasi/sthira.py	_dhasa_duration	raasi.sthira	Unknown	N/A	def _dhasa_duration(lord):	none	unknown	N/A	Unknown	src/jhora/horoscope/dhasa/raasi/sthira.py:L27-L29	DS900
src/jhora/horoscope/dhasa/raasi/sthira.py	get_dhasa_antardhasa	raasi.sthira	sidereal_year	N/A	duration = _dhasa_duration(dhasa_lord)	/12	unknown	N/A	Unknown	src/jhora/horoscope/dhasa/raasi/sthira.py:L45-L47	DS900
src/jhora/horoscope/dhasa/raasi/sudasa.py	_antardhasa	raasi.sudasa	Unknown	N/A	N/A	none	unknown	N/A	Unknown	src/jhora/horoscope/dhasa/raasi/sudasa.py:L115-L117	DS900
src/jhora/horoscope/dhasa/raasi/sudasa.py	sudasa_dhasa_bhukthi	raasi.sudasa	Unknown	N/A	N/A	none	unknown	N/A	Lagna	src/jhora/horoscope/dhasa/raasi/sudasa.py:L33-L35	DS900
src/jhora/horoscope/dhasa/raasi/sudasa.py	sudasa_dhasa_from_planet_positions	raasi.sudasa	Unknown	N/A	dhasa_duration = round(narayana._dhasa_duration(planet_positions,dhasa_lord),2)	/12,*year_duration	elapsed_period_backsolve	sl_frac_left = (30-sree_lagna_longitude)/30	Lagna	src/jhora/horoscope/dhasa/raasi/sudasa.py:L75-L77	DS18
src/jhora/horoscope/dhasa/raasi/tara_lagna.py	get_dhasa_antardhasa	raasi.tara_lagna	sidereal_year,360	N/A	duration = 9	/12,*const.sidereal_year	unknown	N/A	Mixed	src/jhora/horoscope/dhasa/raasi/tara_lagna.py:L45-L47	DS900
src/jhora/horoscope/dhasa/raasi/trikona.py	get_dhasa_antardhasa	raasi.trikona	sidereal_year	N/A	duration = narayana._dhasa_duration(planet_positions,dhasa_lord)	/12	unknown	N/A	Lagna	src/jhora/horoscope/dhasa/raasi/trikona.py:L42-L44	DS900
src/jhora/horoscope/dhasa/raasi/varnada.py	get_dhasa_antardhasa	raasi.varnada	sidereal_year	N/A	duration = (dhasa_lord - varnada_lagna)%12	/12	unknown	N/A	Lagna	src/jhora/horoscope/dhasa/raasi/varnada.py:L42-L44	DS900
src/jhora/horoscope/dhasa/raasi/yogardha.py	get_dhasa_antardhasa	raasi.yogardha	sidereal_year	N/A	duration = 0.5*(chara._dhasa_duration(planet_positions, dhasa_lord)+sthira._dhasa_duration(dhasa_lord))	/12	unknown	N/A	Mixed	src/jhora/horoscope/dhasa/raasi/yogardha.py:L40-L42	DS900
src/jhora/horoscope/dhasa/sudharsana_chakra.py	_sudharsana_dhasa_calculation	dhasa.sudharsana_chakra	sidereal_year	N/A	dhasa_duration = const.sidereal_year	/12	unknown	N/A	Unknown	src/jhora/horoscope/dhasa/sudharsana_chakra.py:L76-L78	DS900
src/jhora/horoscope/dhasa/sudharsana_chakra.py	sudharsana_chakra_dhasa_for_divisional_chart	dhasa.sudharsana_chakra	sidereal_year	N/A	N/A	*const.sidereal_year	unknown	N/A	Mixed	src/jhora/horoscope/dhasa/sudharsana_chakra.py:L42-L44	DS900
src/jhora/horoscope/dhasa/sudharsana_chakra.py	sudharsana_pratyantardasas	dhasa.sudharsana_chakra	sidereal_year	N/A	dhasa_duration = round(const.sidereal_year/144.0,2)	none	unknown	N/A	Unknown	src/jhora/horoscope/dhasa/sudharsana_chakra.py:L89-L91	DS900
src/jhora/horoscope/dhasa/sudharsana_chakra.py	sudharshana_chakra_chart	dhasa.sudharsana_chakra	sidereal_year	N/A	N/A	*const.sidereal_year	unknown	N/A	Mixed	src/jhora/horoscope/dhasa/sudharsana_chakra.py:L24-L26	DS900
src/jhora/horoscope/main.py	Horoscope._get_aayu_dhasa_bhukthi	consumer.main	Unknown	N/A	N/A	none	unknown	N/A	Lagna	src/jhora/horoscope/main.py:L1149-L1151	DS900
src/jhora/horoscope/main.py	Horoscope._get_annual_dhasa_bhukthi	consumer.main	Unknown	N/A	N/A	none	unknown	N/A	Unknown	src/jhora/horoscope/main.py:L1073-L1075	DS25
src/jhora/horoscope/main.py	Horoscope._get_ashtottari_dhasa_bhukthi	consumer.main	Unknown	N/A	N/A	none	unknown	N/A	Unknown	src/jhora/horoscope/main.py:L1213-L1215	DS900
src/jhora/horoscope/main.py	Horoscope._get_brahma_dhasa	consumer.main	Unknown	N/A	N/A	none	unknown	N/A	Unknown	src/jhora/horoscope/main.py:L1487-L1489	DS900
src/jhora/horoscope/main.py	Horoscope._get_buddhi_gathi_dhasa_bhukthi	consumer.main	Unknown	N/A	N/A	none	unknown	N/A	Unknown	src/jhora/horoscope/main.py:L1237-L1239	DS900
src/jhora/horoscope/main.py	Horoscope._get_chakra_dhasa	consumer.main	Unknown	N/A	N/A	none	unknown	N/A	Unknown	src/jhora/horoscope/main.py:L1178-L1180	DS900
src/jhora/horoscope/main.py	Horoscope._get_chara_dhasa	consumer.main	Unknown	N/A	N/A	none	unknown	N/A	Unknown	src/jhora/horoscope/main.py:L1431-L1433	DS900
src/jhora/horoscope/main.py	Horoscope._get_chaturaaseeti_sama_dhasa_bhukthi	consumer.main	Unknown	N/A	N/A	none	unknown	N/A	Unknown	src/jhora/horoscope/main.py:L1318-L1320	DS900
src/jhora/horoscope/main.py	Horoscope._get_drig_dhasa	consumer.main	Unknown	N/A	N/A	none	unknown	N/A	Unknown	src/jhora/horoscope/main.py:L1395-L1397	DS900
src/jhora/horoscope/main.py	Horoscope._get_dwadasottari_dhasa_bhukthi	consumer.main	Unknown	N/A	N/A	none	unknown	N/A	Unknown	src/jhora/horoscope/main.py:L1278-L1280	DS900
src/jhora/horoscope/main.py	Horoscope._get_dwisatpathi_dhasa_bhukthi	consumer.main	Unknown	N/A	N/A	none	unknown	N/A	Unknown	src/jhora/horoscope/main.py:L1288-L1290	DS900
src/jhora/horoscope/main.py	Horoscope._get_graha_dhasa_bhukthi	consumer.main	Unknown	N/A	N/A	none	unknown	N/A	Unknown	src/jhora/horoscope/main.py:L1049-L1051	DS24
src/jhora/horoscope/main.py	Horoscope._get_kaala_dhasa_bhukthi	consumer.main	Unknown	N/A	N/A	none	unknown	N/A	Unknown	src/jhora/horoscope/main.py:L1170-L1172	DS900
src/jhora/horoscope/main.py	Horoscope._get_kalachakra_dhasa	consumer.main	Unknown	N/A	N/A	none	unknown	N/A	Moon	src/jhora/horoscope/main.py:L1543-L1545	DS900
src/jhora/horoscope/main.py	Horoscope._get_karaka_dhasa_bhukthi	consumer.main	Unknown	N/A	N/A	none	unknown	N/A	Unknown	src/jhora/horoscope/main.py:L1126-L1128	DS900
src/jhora/horoscope/main.py	Horoscope._get_karana_chaturaaseeti_sama_dhasa_bhukthi	consumer.main	Unknown	N/A	N/A	none	unknown	N/A	Unknown	src/jhora/horoscope/main.py:L1328-L1330	DS900
src/jhora/horoscope/main.py	Horoscope._get_kendraadhi_karaka_dhasa	consumer.main	Unknown	N/A	N/A	none	unknown	N/A	Unknown	src/jhora/horoscope/main.py:L1422-L1424	DS900
src/jhora/horoscope/main.py	Horoscope._get_kendraadhi_rasi_dhasa	consumer.main	Unknown	N/A	N/A	none	unknown	N/A	Unknown	src/jhora/horoscope/main.py:L1377-L1379	DS900
src/jhora/horoscope/main.py	Horoscope._get_lagnamsaka_dhasa	consumer.main	Unknown	N/A	N/A	none	unknown	N/A	Lagna	src/jhora/horoscope/main.py:L1442-L1444	DS900
src/jhora/horoscope/main.py	Horoscope._get_mandooka_dhasa	consumer.main	Unknown	N/A	N/A	none	unknown	N/A	Unknown	src/jhora/horoscope/main.py:L1460-L1462	DS900
src/jhora/horoscope/main.py	Horoscope._get_naisargika_dhasa_bhukthi	consumer.main	Unknown	N/A	N/A	none	unknown	N/A	Lagna	src/jhora/horoscope/main.py:L1139-L1141	DS900
src/jhora/horoscope/main.py	Horoscope._get_narayana_dhasa	consumer.main	Unknown	N/A	N/A	none	unknown	N/A	Unknown	src/jhora/horoscope/main.py:L1368-L1370	DS900
src/jhora/horoscope/main.py	Horoscope._get_navamsa_dhasa	consumer.main	Unknown	N/A	N/A	none	unknown	N/A	Unknown	src/jhora/horoscope/main.py:L1514-L1516	DS900
src/jhora/horoscope/main.py	Horoscope._get_nirayana_dhasa	consumer.main	Unknown	N/A	N/A	none	unknown	N/A	Unknown	src/jhora/horoscope/main.py:L1404-L1406	DS900
src/jhora/horoscope/main.py	Horoscope._get_padhanadhamsa_dhasa	consumer.main	Unknown	N/A	N/A	none	unknown	N/A	Unknown	src/jhora/horoscope/main.py:L1451-L1453	DS900
src/jhora/horoscope/main.py	Horoscope._get_panchottari_dhasa_bhukthi	consumer.main	Unknown	N/A	N/A	none	unknown	N/A	Unknown	src/jhora/horoscope/main.py:L1298-L1300	DS900
src/jhora/horoscope/main.py	Horoscope._get_paryaaya_dhasa	consumer.main	Unknown	N/A	N/A	none	unknown	N/A	Unknown	src/jhora/horoscope/main.py:L1523-L1525	DS900
src/jhora/horoscope/main.py	Horoscope._get_patyatini_dhasa_bhukthi	consumer.main	Unknown	N/A	N/A	none	unknown	N/A	Lagna	src/jhora/horoscope/main.py:L1096-L1098	DS900
src/jhora/horoscope/main.py	Horoscope._get_rasi_bhukthi_vimsottari_dhasa_bhukthi	consumer.main	Unknown	N/A	N/A	none	unknown	N/A	Unknown	src/jhora/horoscope/main.py:L1194-L1196	DS900
src/jhora/horoscope/main.py	Horoscope._get_rasi_dhasa_bhukthi	consumer.main	Unknown	N/A	N/A	none	unknown	N/A	Lagna	src/jhora/horoscope/main.py:L1055-L1057	DS24
src/jhora/horoscope/main.py	Horoscope._get_sandhya_panchaka_dhasa	consumer.main	Unknown	N/A	N/A	none	unknown	N/A	Unknown	src/jhora/horoscope/main.py:L1186-L1188	DS900
src/jhora/horoscope/main.py	Horoscope._get_saptharishi_nakshathra_dhasa_bhukthi	consumer.main	Unknown	N/A	N/A	none	unknown	N/A	Moon	src/jhora/horoscope/main.py:L1358-L1360	DS900
src/jhora/horoscope/main.py	Horoscope._get_satabdika_dhasa_bhukthi	consumer.main	Unknown	N/A	N/A	none	unknown	N/A	Unknown	src/jhora/horoscope/main.py:L1308-L1310	DS900
src/jhora/horoscope/main.py	Horoscope._get_shashtisama_dhasa_bhukthi	consumer.main	Unknown	N/A	N/A	none	unknown	N/A	Unknown	src/jhora/horoscope/main.py:L1338-L1340	DS900
src/jhora/horoscope/main.py	Horoscope._get_shattrimsa_sama_dhasa_bhukthi	consumer.main	Unknown	N/A	N/A	none	unknown	N/A	Unknown	src/jhora/horoscope/main.py:L1348-L1350	DS900
src/jhora/horoscope/main.py	Horoscope._get_shodasottari_dhasa_bhukthi	consumer.main	Unknown	N/A	N/A	none	unknown	N/A	Unknown	src/jhora/horoscope/main.py:L1268-L1270	DS900
src/jhora/horoscope/main.py	Horoscope._get_shoola_dhasa	consumer.main	Unknown	N/A	N/A	none	unknown	N/A	Unknown	src/jhora/horoscope/main.py:L1413-L1415	DS900
src/jhora/horoscope/main.py	Horoscope._get_sthira_dhasa	consumer.main	Unknown	N/A	N/A	none	unknown	N/A	Unknown	src/jhora/horoscope/main.py:L1469-L1471	DS900
src/jhora/horoscope/main.py	Horoscope._get_sudasa_dhasa	consumer.main	Unknown	N/A	N/A	none	unknown	N/A	Unknown	src/jhora/horoscope/main.py:L1386-L1388	DS900
src/jhora/horoscope/main.py	Horoscope._get_tara_dhasa_bhukthi	consumer.main	Unknown	N/A	N/A	none	unknown	N/A	Unknown	src/jhora/horoscope/main.py:L1117-L1119	DS900
src/jhora/horoscope/main.py	Horoscope._get_tara_lagna_dhasa	consumer.main	Unknown	N/A	N/A	none	unknown	N/A	Lagna	src/jhora/horoscope/main.py:L1478-L1480	DS900
src/jhora/horoscope/main.py	Horoscope._get_tithi_ashtottari_dhasa_bhukthi	consumer.main	Unknown	N/A	N/A	none	unknown	N/A	Unknown	src/jhora/horoscope/main.py:L1224-L1226	DS900
src/jhora/horoscope/main.py	Horoscope._get_tithi_yogini_dhasa_bhukthi	consumer.main	Unknown	N/A	N/A	none	unknown	N/A	Unknown	src/jhora/horoscope/main.py:L1258-L1260	DS900
src/jhora/horoscope/main.py	Horoscope._get_trikona_dhasa	consumer.main	Unknown	N/A	N/A	none	unknown	N/A	Unknown	src/jhora/horoscope/main.py:L1533-L1535	DS900
src/jhora/horoscope/main.py	Horoscope._get_varnada_dhasa	consumer.main	Unknown	N/A	N/A	none	unknown	N/A	Unknown	src/jhora/horoscope/main.py:L1496-L1498	DS900
src/jhora/horoscope/main.py	Horoscope._get_varsha_narayana_dhasa	consumer.main	Unknown	N/A	N/A	none	unknown	N/A	Unknown	src/jhora/horoscope/main.py:L1078-L1080	DS900
src/jhora/horoscope/main.py	Horoscope._get_varsha_vimsottari_dhasa	consumer.main	Unknown	N/A	N/A	none	unknown	N/A	Unknown	src/jhora/horoscope/main.py:L1087-L1089	DS900
src/jhora/horoscope/main.py	Horoscope._get_vimsottari_dhasa_bhukthi	consumer.main	Unknown	N/A	N/A	none	unknown	N/A	Unknown	src/jhora/horoscope/main.py:L1160-L1162	DS900
src/jhora/horoscope/main.py	Horoscope._get_yoga_vimsottari_dhasa_bhukthi	consumer.main	Unknown	N/A	N/A	none	unknown	N/A	Unknown	src/jhora/horoscope/main.py:L1203-L1205	DS900
src/jhora/horoscope/main.py	Horoscope._get_yogardha_dhasa	consumer.main	Unknown	N/A	N/A	none	unknown	N/A	Unknown	src/jhora/horoscope/main.py:L1505-L1507	DS900
src/jhora/horoscope/main.py	Horoscope._get_yogini_dhasa_bhukthi	consumer.main	Unknown	N/A	N/A	none	unknown	N/A	Unknown	src/jhora/horoscope/main.py:L1248-L1250	DS900
src/jhora/horoscope/main.py	Horoscope.get_calendar_information	consumer.main	lunar_year	N/A	N/A	none	elapsed_period_backsolve	frac_left = 100*utils.get_fraction(_tithi[1], _tithi[2], birth_time_hrs)	Mixed	src/jhora/horoscope/main.py:L118-L120	DS900
src/jhora/panchanga/drik.py	_calculate_ayanamsa_senthil_from_jd	consumer.drik	sidereal_year	N/A	N/A	none	unknown	N/A	Unknown	src/jhora/panchanga/drik.py:L86-L88	DS900
src/jhora/panchanga/drik.py	_nisheka_time	consumer.drik	sidereal_year,360	N/A	jd_nisheka = jd - (bm*const.sidereal_year/12+d)	/12,*const.sidereal_year	unknown	N/A	Mixed	src/jhora/panchanga/drik.py:L2750-L2751	DS900
src/jhora/panchanga/drik.py	dhasavarga	consumer.drik	Unknown	N/A	N/A	none	unknown	N/A	Mixed	src/jhora/panchanga/drik.py:L1530-L1532	DS900
src/jhora/panchanga/drik.py	elapsed_year	consumer.drik	sidereal_year	N/A	N/A	none	unknown	N/A	Unknown	src/jhora/panchanga/drik.py:L990-L992	DS900
src/jhora/panchanga/drik.py	lunar_month_date	consumer.drik	lunar_year	N/A	N/A	none	unknown	N/A	Moon	src/jhora/panchanga/drik.py:L945-L947	DS900
src/jhora/panchanga/drik.py	lunar_year_index	consumer.drik	lunar_year	N/A	N/A	none	unknown	N/A	Unknown	src/jhora/panchanga/drik.py:L973-L975	DS900
src/jhora/panchanga/drik.py	next_lunar_year	consumer.drik	lunar_year	N/A	N/A	none	unknown	N/A	Moon	src/jhora/panchanga/drik.py:L3271-L3273	DS900
src/jhora/panchanga/drik.py	next_solar_date	consumer.drik	sidereal_year,tropical_year,360	N/A	jd_extra = int(((years-1)+(months-1)/12+(sixty_hours-1)/144)*const.tropical_year) #const.sidereal_year)	/12	unknown	N/A	Sun	src/jhora/panchanga/drik.py:L2263-L2265	DS900
src/jhora/panchanga/drik.py	previous_lunar_year	consumer.drik	lunar_year	N/A	N/A	none	unknown	N/A	Unknown	src/jhora/panchanga/drik.py:L3307-L3309	DS900
src/jhora/utils.py	get_dob_years_months_60hrs_from_today	consumer.utils	sidereal_year	N/A	N/A	none	unknown	N/A	Unknown	src/jhora/utils.py:L787-L789	DS900
src/jhora/utils.py	panchanga_date_diff	consumer.utils	sidereal_year	N/A	months_diff,days_diff = divmod(days_diff,(const.sidereal_year/12))	/12	unknown	N/A	Unknown	src/jhora/utils.py:L772-L774	DS900
