file	line	pattern	function_context	anchor_id
src/jhora/const.py	51	ascendant	<module>	LH04
src/jhora/const.py	171	lagna	<module>	LH04
src/jhora/const.py	172	lagna	<module>	LH04
src/jhora/const.py	239	lagna	<module>	LH04
src/jhora/const.py	247	lagna	<module>	LH04
src/jhora/const.py	500	lagna	<module>	LH04
src/jhora/const.py	598	lagna	<module>	LH04
src/jhora/const.py	630	lagna	<module>	LH04
src/jhora/const.py	632	ascendant	<module>	LH04
src/jhora/const.py	632	western_house_systems	<module>	LH04
src/jhora/const.py	635	available_house_systems	<module>	LH04
src/jhora/const.py	635	western_house_systems	<module>	LH04
src/jhora/const.py	637	bhaava_madhya	<module>	LH04
src/jhora/const.py	637	lagna	<module>	LH04
src/jhora/const.py	690	lagna	<module>	LH04
src/jhora/horoscope/chart/arudhas.py	25	lagna	bhava_arudhas_from_planet_positions	LH08
src/jhora/horoscope/chart/arudhas.py	28	lagna	bhava_arudhas_from_planet_positions	LH08
src/jhora/horoscope/chart/arudhas.py	29	lagna	bhava_arudhas_from_planet_positions	LH08
src/jhora/horoscope/chart/arudhas.py	54	lagna	bhava_arudhas_from_chart	LH900
src/jhora/horoscope/chart/arudhas.py	56	lagna	bhava_arudhas_from_chart	LH900
src/jhora/horoscope/chart/arudhas.py	57	lagna	bhava_arudhas_from_chart	LH900
src/jhora/horoscope/chart/arudhas.py	66	ascendant	bhava_arudhas_from_chart	LH900
src/jhora/horoscope/chart/arudhas.py	85	lagna	bhava_arudhas	LH900
src/jhora/horoscope/chart/arudhas.py	89	lagna	bhava_arudhas	LH900
src/jhora/horoscope/chart/arudhas.py	93	ascendant	bhava_arudhas	LH900
src/jhora/horoscope/chart/arudhas.py	111	lagna	graha_arudhas_from_planet_positions	LH900
src/jhora/horoscope/chart/arudhas.py	115	ascendant	graha_arudhas_from_planet_positions	LH900
src/jhora/horoscope/chart/arudhas.py	140	ascendant	graha_arudhas	LH900
src/jhora/horoscope/chart/arudhas.py	167	divisional_chart_factor	graha_arudhas	LH900
src/jhora/horoscope/chart/charts.py	77	lagna	rasi_chart	LH01
src/jhora/horoscope/chart/charts.py	78	lagna	rasi_chart	LH01
src/jhora/horoscope/chart/charts.py	95	ascendant	rasi_chart	LH01
src/jhora/horoscope/chart/charts.py	96	ascendant	rasi_chart	LH01
src/jhora/horoscope/chart/charts.py	97	ascendant	rasi_chart	LH01
src/jhora/horoscope/chart/charts.py	99	ascendant	rasi_chart	LH01
src/jhora/horoscope/chart/charts.py	100	ascendant	rasi_chart	LH01
src/jhora/horoscope/chart/charts.py	100	divisional_chart_factor	rasi_chart	LH01
src/jhora/horoscope/chart/charts.py	101	ascendant	rasi_chart	LH01
src/jhora/horoscope/chart/charts.py	104	divisional_chart_factor	rasi_chart	LH01
src/jhora/horoscope/chart/charts.py	106	ascendant	rasi_chart	LH01
src/jhora/horoscope/chart/charts.py	108	ascendant	bhava_houses	LH900
src/jhora/horoscope/chart/charts.py	109	ascendant	bhava_houses	LH900
src/jhora/horoscope/chart/charts.py	110	ascendant	bhava_houses	LH900
src/jhora/horoscope/chart/charts.py	112	bhaava_madhya	bhava_chart	LH900
src/jhora/horoscope/chart/charts.py	112	bhava_madhya_method	bhava_chart	LH900
src/jhora/horoscope/chart/charts.py	117	bhaava_madhya	bhava_chart	LH900
src/jhora/horoscope/chart/charts.py	117	bhava_madhya_method	bhava_chart	LH900
src/jhora/horoscope/chart/charts.py	118	bhaava_madhya	_bhaava_madhya_new	LH03
src/jhora/horoscope/chart/charts.py	118	bhava_madhya_method	_bhaava_madhya_new	LH03
src/jhora/horoscope/chart/charts.py	123	bhava_madhya_method	_bhaava_madhya_new	LH02
src/jhora/horoscope/chart/charts.py	124	lagna	_bhaava_madhya_new	LH02
src/jhora/horoscope/chart/charts.py	125	lagna	_bhaava_madhya_new	LH02
src/jhora/horoscope/chart/charts.py	129	ascendant	_bhaava_madhya_new	LH02
src/jhora/horoscope/chart/charts.py	136	available_house_systems	_bhaava_madhya_new	LH02
src/jhora/horoscope/chart/charts.py	136	bhava_madhya_method	_bhaava_madhya_new	LH02
src/jhora/horoscope/chart/charts.py	137	available_house_systems	_bhaava_madhya_new	LH02
src/jhora/horoscope/chart/charts.py	137	bhava_madhya_method	_bhaava_madhya_new	LH02
src/jhora/horoscope/chart/charts.py	139	bhava_madhya_method	_bhaava_madhya_new	LH02
src/jhora/horoscope/chart/charts.py	140	ascendant	_bhaava_madhya_new	LH02
src/jhora/horoscope/chart/charts.py	140	planet_positions[0]	_bhaava_madhya_new	LH02
src/jhora/horoscope/chart/charts.py	141	ascendant	_bhaava_madhya_new	LH02
src/jhora/horoscope/chart/charts.py	143	bhava_madhya_method	_bhaava_madhya_new	LH02
src/jhora/horoscope/chart/charts.py	143	lagna	_bhaava_madhya_new	LH02
src/jhora/horoscope/chart/charts.py	144	ascendant	_bhaava_madhya_new	LH02
src/jhora/horoscope/chart/charts.py	149	bhava_madhya_method	_bhaava_madhya_new	LH02
src/jhora/horoscope/chart/charts.py	150	bhava_madhya_method	_bhaava_madhya_new	LH02
src/jhora/horoscope/chart/charts.py	150	lagna	_bhaava_madhya_new	LH02
src/jhora/horoscope/chart/charts.py	151	ascendant	_bhaava_madhya_new	LH02
src/jhora/horoscope/chart/charts.py	156	bhava_madhya_method	_bhaava_madhya_new	LH02
src/jhora/horoscope/chart/charts.py	157	bhava_madhya_method	_bhaava_madhya_new	LH02
src/jhora/horoscope/chart/charts.py	158	bhaava_madhya	_bhaava_madhya_new	LH03
src/jhora/horoscope/chart/charts.py	162	bhava_madhya_method	_bhaava_madhya_new	LH02
src/jhora/horoscope/chart/charts.py	163	bhava_madhya_method	_bhaava_madhya_new	LH03
src/jhora/horoscope/chart/charts.py	163	western_house_systems	_bhaava_madhya_new	LH03
src/jhora/horoscope/chart/charts.py	164	bhaava_madhya	_bhaava_madhya_new	LH03
src/jhora/horoscope/chart/charts.py	164	bhava_madhya_method	_bhaava_madhya_new	LH03
src/jhora/horoscope/chart/charts.py	164	house_code	_bhaava_madhya_new	LH03
src/jhora/horoscope/chart/charts.py	171	bhava_madhya_method	_bhaava_madhya_new	LH02
src/jhora/horoscope/chart/charts.py	172	bhava_madhya_method	_bhaava_madhya_new	LH02
src/jhora/horoscope/chart/charts.py	174	ascendant	_bhaava_madhya_new	LH02
src/jhora/horoscope/chart/charts.py	175	ascendant	_bhaava_madhya_new	LH02
src/jhora/horoscope/chart/charts.py	177	bhava_madhya_method	_bhaava_madhya_new	LH02
src/jhora/horoscope/chart/charts.py	179	ascendant	bhava_chart_houses	LH900
src/jhora/horoscope/chart/charts.py	190	lagna	bhava_chart_houses	LH900
src/jhora/horoscope/chart/charts.py	191	lagna	bhava_chart_houses	LH900
src/jhora/horoscope/chart/charts.py	196	planet_positions[0]	bhava_chart_houses	LH900
src/jhora/horoscope/chart/charts.py	197	planet_positions[0]	bhava_chart_houses	LH900
src/jhora/horoscope/chart/charts.py	198	ascendant	bhava_chart_houses	LH900
src/jhora/horoscope/chart/charts.py	199	ascendant	bhava_chart_houses	LH900
src/jhora/horoscope/chart/charts.py	202	ascendant	bhava_chart_houses	LH900
src/jhora/horoscope/chart/charts.py	208	ascendant	bhava_chart_houses	LH900
src/jhora/horoscope/chart/charts.py	278	lagna	hora_chart	LH900
src/jhora/horoscope/chart/charts.py	279	lagna	hora_chart	LH900
src/jhora/horoscope/chart/charts.py	288	lagna	hora_chart	LH900
src/jhora/horoscope/chart/charts.py	289	lagna	hora_chart	LH900
src/jhora/horoscope/chart/charts.py	336	lagna	drekkana_chart	LH900
src/jhora/horoscope/chart/charts.py	337	lagna	drekkana_chart	LH900
src/jhora/horoscope/chart/charts.py	345	lagna	drekkana_chart	LH900
src/jhora/horoscope/chart/charts.py	346	lagna	drekkana_chart	LH900
src/jhora/horoscope/chart/charts.py	371	lagna	chaturthamsa_chart	LH900
src/jhora/horoscope/chart/charts.py	372	lagna	chaturthamsa_chart	LH900
src/jhora/horoscope/chart/charts.py	379	lagna	chaturthamsa_chart	LH900
src/jhora/horoscope/chart/charts.py	380	lagna	chaturthamsa_chart	LH900
src/jhora/horoscope/chart/charts.py	393	lagna	panchamsa_chart	LH900
src/jhora/horoscope/chart/charts.py	394	lagna	panchamsa_chart	LH900
src/jhora/horoscope/chart/charts.py	401	lagna	panchamsa_chart	LH900
src/jhora/horoscope/chart/charts.py	402	lagna	panchamsa_chart	LH900
src/jhora/horoscope/chart/charts.py	426	lagna	shashthamsa_chart	LH900
src/jhora/horoscope/chart/charts.py	427	lagna	shashthamsa_chart	LH900
src/jhora/horoscope/chart/charts.py	434	lagna	shashthamsa_chart	LH900
src/jhora/horoscope/chart/charts.py	435	lagna	shashthamsa_chart	LH900
src/jhora/horoscope/chart/charts.py	457	lagna	saptamsa_chart	LH900
src/jhora/horoscope/chart/charts.py	458	lagna	saptamsa_chart	LH900
src/jhora/horoscope/chart/charts.py	467	lagna	saptamsa_chart	LH900
src/jhora/horoscope/chart/charts.py	468	lagna	saptamsa_chart	LH900
src/jhora/horoscope/chart/charts.py	493	lagna	ashtamsa_chart	LH900
src/jhora/horoscope/chart/charts.py	494	lagna	ashtamsa_chart	LH900
src/jhora/horoscope/chart/charts.py	501	lagna	ashtamsa_chart	LH900
src/jhora/horoscope/chart/charts.py	502	lagna	ashtamsa_chart	LH900
src/jhora/horoscope/chart/charts.py	534	lagna	navamsa_chart	LH900
src/jhora/horoscope/chart/charts.py	535	lagna	navamsa_chart	LH900
src/jhora/horoscope/chart/charts.py	544	lagna	navamsa_chart	LH900
src/jhora/horoscope/chart/charts.py	545	lagna	navamsa_chart	LH900
src/jhora/horoscope/chart/charts.py	570	lagna	dasamsa_chart	LH900
src/jhora/horoscope/chart/charts.py	571	lagna	dasamsa_chart	LH900
src/jhora/horoscope/chart/charts.py	580	lagna	dasamsa_chart	LH900
src/jhora/horoscope/chart/charts.py	581	lagna	dasamsa_chart	LH900
src/jhora/horoscope/chart/charts.py	606	lagna	rudramsa_chart	LH900
src/jhora/horoscope/chart/charts.py	607	lagna	rudramsa_chart	LH900
src/jhora/horoscope/chart/charts.py	615	lagna	rudramsa_chart	LH900
src/jhora/horoscope/chart/charts.py	616	lagna	rudramsa_chart	LH900
src/jhora/horoscope/chart/charts.py	640	lagna	dwadasamsa_chart	LH900
src/jhora/horoscope/chart/charts.py	641	lagna	dwadasamsa_chart	LH900
src/jhora/horoscope/chart/charts.py	649	lagna	dwadasamsa_chart	LH900
src/jhora/horoscope/chart/charts.py	650	lagna	dwadasamsa_chart	LH900
src/jhora/horoscope/chart/charts.py	671	lagna	shodasamsa_chart	LH900
src/jhora/horoscope/chart/charts.py	672	lagna	shodasamsa_chart	LH900
src/jhora/horoscope/chart/charts.py	679	lagna	shodasamsa_chart	LH900
src/jhora/horoscope/chart/charts.py	680	lagna	shodasamsa_chart	LH900
src/jhora/horoscope/chart/charts.py	704	lagna	vimsamsa_chart	LH900
src/jhora/horoscope/chart/charts.py	705	lagna	vimsamsa_chart	LH900
src/jhora/horoscope/chart/charts.py	712	lagna	vimsamsa_chart	LH900
src/jhora/horoscope/chart/charts.py	713	lagna	vimsamsa_chart	LH900
src/jhora/horoscope/chart/charts.py	739	lagna	chaturvimsamsa_chart	LH900
src/jhora/horoscope/chart/charts.py	740	lagna	chaturvimsamsa_chart	LH900
src/jhora/horoscope/chart/charts.py	746	lagna	chaturvimsamsa_chart	LH900
src/jhora/horoscope/chart/charts.py	747	lagna	chaturvimsamsa_chart	LH900
src/jhora/horoscope/chart/charts.py	764	lagna	nakshatramsa_chart	LH900
src/jhora/horoscope/chart/charts.py	765	lagna	nakshatramsa_chart	LH900
src/jhora/horoscope/chart/charts.py	771	lagna	nakshatramsa_chart	LH900
src/jhora/horoscope/chart/charts.py	772	lagna	nakshatramsa_chart	LH900
src/jhora/horoscope/chart/charts.py	796	lagna	trimsamsa_chart	LH900
src/jhora/horoscope/chart/charts.py	797	lagna	trimsamsa_chart	LH900
src/jhora/horoscope/chart/charts.py	805	lagna	trimsamsa_chart	LH900
src/jhora/horoscope/chart/charts.py	806	lagna	trimsamsa_chart	LH900
src/jhora/horoscope/chart/charts.py	832	lagna	khavedamsa_chart	LH900
src/jhora/horoscope/chart/charts.py	833	lagna	khavedamsa_chart	LH900
src/jhora/horoscope/chart/charts.py	840	lagna	khavedamsa_chart	LH900
src/jhora/horoscope/chart/charts.py	841	lagna	khavedamsa_chart	LH900
src/jhora/horoscope/chart/charts.py	863	lagna	akshavedamsa_chart	LH900
src/jhora/horoscope/chart/charts.py	864	lagna	akshavedamsa_chart	LH900
src/jhora/horoscope/chart/charts.py	871	lagna	akshavedamsa_chart	LH900
src/jhora/horoscope/chart/charts.py	872	lagna	akshavedamsa_chart	LH900
src/jhora/horoscope/chart/charts.py	896	lagna	shashtyamsa_chart	LH900
src/jhora/horoscope/chart/charts.py	897	lagna	shashtyamsa_chart	LH900
src/jhora/horoscope/chart/charts.py	904	lagna	shashtyamsa_chart	LH900
src/jhora/horoscope/chart/charts.py	905	lagna	shashtyamsa_chart	LH900
src/jhora/horoscope/chart/charts.py	922	lagna	nava_navamsa_chart	LH900
src/jhora/horoscope/chart/charts.py	923	lagna	nava_navamsa_chart	LH900
src/jhora/horoscope/chart/charts.py	930	lagna	nava_navamsa_chart	LH900
src/jhora/horoscope/chart/charts.py	931	lagna	nava_navamsa_chart	LH900
src/jhora/horoscope/chart/charts.py	947	lagna	ashtotharamsa_chart	LH900
src/jhora/horoscope/chart/charts.py	948	lagna	ashtotharamsa_chart	LH900
src/jhora/horoscope/chart/charts.py	955	lagna	ashtotharamsa_chart	LH900
src/jhora/horoscope/chart/charts.py	956	lagna	ashtotharamsa_chart	LH900
src/jhora/horoscope/chart/charts.py	973	lagna	dwadas_dwadasamsa_chart	LH900
src/jhora/horoscope/chart/charts.py	974	lagna	dwadas_dwadasamsa_chart	LH900
src/jhora/horoscope/chart/charts.py	981	lagna	dwadas_dwadasamsa_chart	LH900
src/jhora/horoscope/chart/charts.py	982	lagna	dwadas_dwadasamsa_chart	LH900
src/jhora/horoscope/chart/charts.py	999	lagna	nadiamsa_chart	LH900
src/jhora/horoscope/chart/charts.py	1000	lagna	nadiamsa_chart	LH900
src/jhora/horoscope/chart/charts.py	1007	lagna	nadiamsa_chart	LH900
src/jhora/horoscope/chart/charts.py	1008	lagna	nadiamsa_chart	LH900
src/jhora/horoscope/chart/charts.py	1010	divisional_chart_factor	nadiamsa_chart	LH900
src/jhora/horoscope/chart/charts.py	1012	divisional_chart_factor	custom_divisional_chart	LH900
src/jhora/horoscope/chart/charts.py	1016	lagna	custom_divisional_chart	LH900
src/jhora/horoscope/chart/charts.py	1017	lagna	custom_divisional_chart	LH900
src/jhora/horoscope/chart/charts.py	1018	divisional_chart_factor	custom_divisional_chart	LH900
src/jhora/horoscope/chart/charts.py	1040	lagna	custom_divisional_chart	LH900
src/jhora/horoscope/chart/charts.py	1041	lagna	custom_divisional_chart	LH900
src/jhora/horoscope/chart/charts.py	1043	divisional_chart_factor	custom_divisional_chart	LH900
src/jhora/horoscope/chart/charts.py	1066	divisional_chart_factor	divisional_positions_from_rasi_positions	LH900
src/jhora/horoscope/chart/charts.py	1068	divisional_chart_factor	divisional_positions_from_rasi_positions	LH900
src/jhora/horoscope/chart/charts.py	1071	divisional_chart_factor	divisional_positions_from_rasi_positions	LH900
src/jhora/horoscope/chart/charts.py	1073	divisional_chart_factor	divisional_positions_from_rasi_positions	LH900
src/jhora/horoscope/chart/charts.py	1074	divisional_chart_factor	divisional_positions_from_rasi_positions	LH900
src/jhora/horoscope/chart/charts.py	1075	divisional_chart_factor	divisional_positions_from_rasi_positions	LH900
src/jhora/horoscope/chart/charts.py	1078	divisional_chart_factor	divisional_positions_from_rasi_positions	LH900
src/jhora/horoscope/chart/charts.py	1081	divisional_chart_factor	divisional_chart	LH900
src/jhora/horoscope/chart/charts.py	1090	divisional_chart_factor	divisional_chart	LH900
src/jhora/horoscope/chart/charts.py	1091	divisional_chart_factor	divisional_chart	LH900
src/jhora/horoscope/chart/charts.py	1099	divisional_chart_factor	divisional_chart	LH900
src/jhora/horoscope/chart/charts.py	1116	lagna	divisional_chart	LH900
src/jhora/horoscope/chart/charts.py	1117	lagna	divisional_chart	LH900
src/jhora/horoscope/chart/charts.py	1121	divisional_chart_factor	divisional_chart	LH900
src/jhora/horoscope/chart/charts.py	1133	lagna	_planets_in_retrograde_old	LH900
src/jhora/horoscope/chart/charts.py	1172	lagna	planets_in_retrograde	LH900
src/jhora/horoscope/chart/charts.py	1190	lagna	planets_in_combustion	LH900
src/jhora/horoscope/chart/charts.py	1256	divisional_chart_factor	_vaiseshikamsa_bala_of_planets	LH900
src/jhora/horoscope/chart/charts.py	1258	ascendant	_vaiseshikamsa_bala_of_planets	LH900
src/jhora/horoscope/chart/charts.py	1275	divisional_chart_factor	_vimsopaka_bala_of_planets	LH900
src/jhora/horoscope/chart/charts.py	1280	ascendant	_vimsopaka_bala_of_planets	LH900
src/jhora/horoscope/chart/charts.py	1367	divisional_chart_factor	vimsamsavarga_of_planets	LH900
src/jhora/horoscope/chart/charts.py	1369	ascendant	vimsamsavarga_of_planets	LH900
src/jhora/horoscope/chart/charts.py	1375	lagna	_varnada_lagna_sanjay_rath_mixed_chart	LH900
src/jhora/horoscope/chart/charts.py	1379	planet_positions[0]	_varnada_lagna_sanjay_rath_mixed_chart	LH900
src/jhora/horoscope/chart/charts.py	1382	lagna	_varnada_lagna_sanjay_rath_mixed_chart	LH900
src/jhora/horoscope/chart/charts.py	1403	divisional_chart_factor	_varnada_lagna_sanjay_rath_mixed_chart	LH900
src/jhora/horoscope/chart/charts.py	1406	divisional_chart_factor	_varnada_lagna_sanjay_rath	LH900
src/jhora/horoscope/chart/charts.py	1406	lagna	_varnada_lagna_sanjay_rath	LH900
src/jhora/horoscope/chart/charts.py	1410	divisional_chart_factor	_varnada_lagna_sanjay_rath	LH900
src/jhora/horoscope/chart/charts.py	1413	planet_positions[0]	_varnada_lagna_sanjay_rath	LH900
src/jhora/horoscope/chart/charts.py	1416	divisional_chart_factor	_varnada_lagna_sanjay_rath	LH900
src/jhora/horoscope/chart/charts.py	1416	lagna	_varnada_lagna_sanjay_rath	LH900
src/jhora/horoscope/chart/charts.py	1438	divisional_chart_factor	_varnada_lagna_sanjay_rath	LH900
src/jhora/horoscope/chart/charts.py	1441	lagna	_varnada_lagna_jha_pandey_mixed_chart	LH900
src/jhora/horoscope/chart/charts.py	1445	planet_positions[0]	_varnada_lagna_jha_pandey_mixed_chart	LH900
src/jhora/horoscope/chart/charts.py	1446	lagna	_varnada_lagna_jha_pandey_mixed_chart	LH900
src/jhora/horoscope/chart/charts.py	1447	lagna	_varnada_lagna_jha_pandey_mixed_chart	LH900
src/jhora/horoscope/chart/charts.py	1448	lagna	_varnada_lagna_jha_pandey_mixed_chart	LH900
src/jhora/horoscope/chart/charts.py	1449	lagna	_varnada_lagna_jha_pandey_mixed_chart	LH900
src/jhora/horoscope/chart/charts.py	1450	lagna	_varnada_lagna_jha_pandey_mixed_chart	LH900
src/jhora/horoscope/chart/charts.py	1451	lagna	_varnada_lagna_jha_pandey_mixed_chart	LH900
src/jhora/horoscope/chart/charts.py	1452	lagna	_varnada_lagna_jha_pandey_mixed_chart	LH900
src/jhora/horoscope/chart/charts.py	1453	lagna	_varnada_lagna_jha_pandey_mixed_chart	LH900
src/jhora/horoscope/chart/charts.py	1454	lagna	_varnada_lagna_jha_pandey_mixed_chart	LH900
src/jhora/horoscope/chart/charts.py	1455	lagna	_varnada_lagna_jha_pandey_mixed_chart	LH900
src/jhora/horoscope/chart/charts.py	1456	lagna	_varnada_lagna_jha_pandey_mixed_chart	LH900
src/jhora/horoscope/chart/charts.py	1459	lagna	_varnada_lagna_jha_pandey_mixed_chart	LH900
src/jhora/horoscope/chart/charts.py	1462	divisional_chart_factor	_varnada_lagna_jha_pandey_mixed_chart	LH900
src/jhora/horoscope/chart/charts.py	1464	divisional_chart_factor	_varnada_lagna_jha_pandey	LH900
src/jhora/horoscope/chart/charts.py	1464	lagna	_varnada_lagna_jha_pandey	LH900
src/jhora/horoscope/chart/charts.py	1468	divisional_chart_factor	_varnada_lagna_jha_pandey	LH900
src/jhora/horoscope/chart/charts.py	1471	planet_positions[0]	_varnada_lagna_jha_pandey	LH900
src/jhora/horoscope/chart/charts.py	1472	lagna	_varnada_lagna_jha_pandey	LH900
src/jhora/horoscope/chart/charts.py	1473	lagna	_varnada_lagna_jha_pandey	LH900
src/jhora/horoscope/chart/charts.py	1474	lagna	_varnada_lagna_jha_pandey	LH900
src/jhora/horoscope/chart/charts.py	1475	lagna	_varnada_lagna_jha_pandey	LH900
src/jhora/horoscope/chart/charts.py	1476	lagna	_varnada_lagna_jha_pandey	LH900
src/jhora/horoscope/chart/charts.py	1477	divisional_chart_factor	_varnada_lagna_jha_pandey	LH900
src/jhora/horoscope/chart/charts.py	1477	lagna	_varnada_lagna_jha_pandey	LH900
src/jhora/horoscope/chart/charts.py	1479	lagna	_varnada_lagna_jha_pandey	LH900
src/jhora/horoscope/chart/charts.py	1480	lagna	_varnada_lagna_jha_pandey	LH900
src/jhora/horoscope/chart/charts.py	1481	lagna	_varnada_lagna_jha_pandey	LH900
src/jhora/horoscope/chart/charts.py	1482	lagna	_varnada_lagna_jha_pandey	LH900
src/jhora/horoscope/chart/charts.py	1483	lagna	_varnada_lagna_jha_pandey	LH900
src/jhora/horoscope/chart/charts.py	1486	lagna	_varnada_lagna_jha_pandey	LH900
src/jhora/horoscope/chart/charts.py	1489	divisional_chart_factor	_varnada_lagna_jha_pandey	LH900
src/jhora/horoscope/chart/charts.py	1491	lagna	varnada_lagna_mixed_chart	LH900
src/jhora/horoscope/chart/charts.py	1494	lagna	varnada_lagna_mixed_chart	LH900
src/jhora/horoscope/chart/charts.py	1495	lagna	varnada_lagna_mixed_chart	LH900
src/jhora/horoscope/chart/charts.py	1499	divisional_chart_factor	varnada_lagna_mixed_chart	LH900
src/jhora/horoscope/chart/charts.py	1500	lagna	varnada_lagna_mixed_chart	LH900
src/jhora/horoscope/chart/charts.py	1502	lagna	varnada_lagna_mixed_chart	LH900
src/jhora/horoscope/chart/charts.py	1504	lagna	varnada_lagna_mixed_chart	LH900
src/jhora/horoscope/chart/charts.py	1505	lagna	varnada_lagna_mixed_chart	LH900
src/jhora/horoscope/chart/charts.py	1506	lagna	varnada_lagna_mixed_chart	LH900
src/jhora/horoscope/chart/charts.py	1507	lagna	varnada_lagna_mixed_chart	LH900
src/jhora/horoscope/chart/charts.py	1508	lagna	varnada_lagna_mixed_chart	LH900
src/jhora/horoscope/chart/charts.py	1510	lagna	varnada_lagna_mixed_chart	LH900
src/jhora/horoscope/chart/charts.py	1513	lagna	varnada_lagna_mixed_chart	LH900
src/jhora/horoscope/chart/charts.py	1517	lagna	varnada_lagna_mixed_chart	LH900
src/jhora/horoscope/chart/charts.py	1521	lagna	varnada_lagna_mixed_chart	LH900
src/jhora/horoscope/chart/charts.py	1525	lagna	varnada_lagna_mixed_chart	LH900
src/jhora/horoscope/chart/charts.py	1528	divisional_chart_factor	varnada_lagna	LH900
src/jhora/horoscope/chart/charts.py	1528	lagna	varnada_lagna	LH900
src/jhora/horoscope/chart/charts.py	1531	lagna	varnada_lagna	LH900
src/jhora/horoscope/chart/charts.py	1532	lagna	varnada_lagna	LH900
src/jhora/horoscope/chart/charts.py	1536	divisional_chart_factor	varnada_lagna	LH900
src/jhora/horoscope/chart/charts.py	1537	lagna	varnada_lagna	LH900
src/jhora/horoscope/chart/charts.py	1539	lagna	varnada_lagna	LH900
src/jhora/horoscope/chart/charts.py	1541	lagna	varnada_lagna	LH900
src/jhora/horoscope/chart/charts.py	1542	lagna	varnada_lagna	LH900
src/jhora/horoscope/chart/charts.py	1543	lagna	varnada_lagna	LH900
src/jhora/horoscope/chart/charts.py	1544	lagna	varnada_lagna	LH900
src/jhora/horoscope/chart/charts.py	1545	lagna	varnada_lagna	LH900
src/jhora/horoscope/chart/charts.py	1547	lagna	varnada_lagna	LH900
src/jhora/horoscope/chart/charts.py	1550	lagna	varnada_lagna	LH900
src/jhora/horoscope/chart/charts.py	1551	divisional_chart_factor	varnada_lagna	LH900
src/jhora/horoscope/chart/charts.py	1554	lagna	varnada_lagna	LH900
src/jhora/horoscope/chart/charts.py	1555	divisional_chart_factor	varnada_lagna	LH900
src/jhora/horoscope/chart/charts.py	1558	lagna	varnada_lagna	LH900
src/jhora/horoscope/chart/charts.py	1559	divisional_chart_factor	varnada_lagna	LH900
src/jhora/horoscope/chart/charts.py	1562	lagna	varnada_lagna	LH900
src/jhora/horoscope/chart/charts.py	1563	divisional_chart_factor	varnada_lagna	LH900
src/jhora/horoscope/chart/charts.py	1565	lagna	_varnada_lagna_bv_raman_mixed_chart	LH900
src/jhora/horoscope/chart/charts.py	1569	lagna	_varnada_lagna_bv_raman_mixed_chart	LH900
src/jhora/horoscope/chart/charts.py	1569	planet_positions[0]	_varnada_lagna_bv_raman_mixed_chart	LH900
src/jhora/horoscope/chart/charts.py	1570	lagna	_varnada_lagna_bv_raman_mixed_chart	LH900
src/jhora/horoscope/chart/charts.py	1571	lagna	_varnada_lagna_bv_raman_mixed_chart	LH900
src/jhora/horoscope/chart/charts.py	1572	lagna	_varnada_lagna_bv_raman_mixed_chart	LH900
src/jhora/horoscope/chart/charts.py	1573	lagna	_varnada_lagna_bv_raman_mixed_chart	LH900
src/jhora/horoscope/chart/charts.py	1574	lagna	_varnada_lagna_bv_raman_mixed_chart	LH900
src/jhora/horoscope/chart/charts.py	1575	lagna	_varnada_lagna_bv_raman_mixed_chart	LH900
src/jhora/horoscope/chart/charts.py	1576	lagna	_varnada_lagna_bv_raman_mixed_chart	LH900
src/jhora/horoscope/chart/charts.py	1577	lagna	_varnada_lagna_bv_raman_mixed_chart	LH900
src/jhora/horoscope/chart/charts.py	1578	lagna	_varnada_lagna_bv_raman_mixed_chart	LH900
src/jhora/horoscope/chart/charts.py	1579	lagna	_varnada_lagna_bv_raman_mixed_chart	LH900
src/jhora/horoscope/chart/charts.py	1580	lagna	_varnada_lagna_bv_raman	LH900
src/jhora/horoscope/chart/charts.py	1581	divisional_chart_factor	_varnada_lagna_bv_raman	LH900
src/jhora/horoscope/chart/charts.py	1583	lagna	_varnada_lagna_bv_raman	LH900
src/jhora/horoscope/chart/charts.py	1587	lagna	_varnada_lagna_bv_raman	LH900
src/jhora/horoscope/chart/charts.py	1590	divisional_chart_factor	_varnada_lagna_bv_raman	LH900
src/jhora/horoscope/chart/charts.py	1593	lagna	_varnada_lagna_bv_raman	LH900
src/jhora/horoscope/chart/charts.py	1593	planet_positions[0]	_varnada_lagna_bv_raman	LH900
src/jhora/horoscope/chart/charts.py	1594	lagna	_varnada_lagna_bv_raman	LH900
src/jhora/horoscope/chart/charts.py	1595	lagna	_varnada_lagna_bv_raman	LH900
src/jhora/horoscope/chart/charts.py	1596	divisional_chart_factor	_varnada_lagna_bv_raman	LH900
src/jhora/horoscope/chart/charts.py	1596	lagna	_varnada_lagna_bv_raman	LH900
src/jhora/horoscope/chart/charts.py	1599	lagna	_varnada_lagna_bv_raman	LH900
src/jhora/horoscope/chart/charts.py	1600	lagna	_varnada_lagna_bv_raman	LH900
src/jhora/horoscope/chart/charts.py	1601	lagna	_varnada_lagna_bv_raman	LH900
src/jhora/horoscope/chart/charts.py	1602	lagna	_varnada_lagna_bv_raman	LH900
src/jhora/horoscope/chart/charts.py	1603	lagna	_varnada_lagna_bv_raman	LH900
src/jhora/horoscope/chart/charts.py	1604	lagna	_varnada_lagna_bv_raman	LH900
src/jhora/horoscope/chart/charts.py	1605	lagna	_varnada_lagna_bv_raman	LH900
src/jhora/horoscope/chart/charts.py	1606	lagna	_varnada_lagna_santhanam_mixed_chart	LH900
src/jhora/horoscope/chart/charts.py	1608	lagna	_varnada_lagna_santhanam_mixed_chart	LH900
src/jhora/horoscope/chart/charts.py	1609	divisional_chart_factor	_varnada_lagna_santhanam	LH900
src/jhora/horoscope/chart/charts.py	1609	lagna	_varnada_lagna_santhanam	LH900
src/jhora/horoscope/chart/charts.py	1612	lagna	_varnada_lagna_santhanam	LH900
src/jhora/horoscope/chart/charts.py	1616	lagna	_varnada_lagna_santhanam	LH900
src/jhora/horoscope/chart/charts.py	1618	divisional_chart_factor	_varnada_lagna_santhanam	LH900
src/jhora/horoscope/chart/charts.py	1618	lagna	_varnada_lagna_santhanam	LH900
src/jhora/horoscope/chart/charts.py	1621	lagna	_varnada_lagna_sharma_mixed_chart	LH900
src/jhora/horoscope/chart/charts.py	1625	lagna	_varnada_lagna_sharma_mixed_chart	LH900
src/jhora/horoscope/chart/charts.py	1625	planet_positions[0]	_varnada_lagna_sharma_mixed_chart	LH900
src/jhora/horoscope/chart/charts.py	1626	lagna	_varnada_lagna_sharma_mixed_chart	LH900
src/jhora/horoscope/chart/charts.py	1627	lagna	_varnada_lagna_sharma_mixed_chart	LH900
src/jhora/horoscope/chart/charts.py	1628	lagna	_varnada_lagna_sharma_mixed_chart	LH900
src/jhora/horoscope/chart/charts.py	1629	lagna	_varnada_lagna_sharma_mixed_chart	LH900
src/jhora/horoscope/chart/charts.py	1630	lagna	_varnada_lagna_sharma_mixed_chart	LH900
src/jhora/horoscope/chart/charts.py	1631	lagna	_varnada_lagna_sharma_mixed_chart	LH900
src/jhora/horoscope/chart/charts.py	1634	lagna	_varnada_lagna_sharma_mixed_chart	LH900
src/jhora/horoscope/chart/charts.py	1635	lagna	_varnada_lagna_sharma_mixed_chart	LH900
src/jhora/horoscope/chart/charts.py	1636	lagna	_varnada_lagna_sharma_mixed_chart	LH900
src/jhora/horoscope/chart/charts.py	1637	divisional_chart_factor	_varnada_lagna_sharma	LH900
src/jhora/horoscope/chart/charts.py	1637	lagna	_varnada_lagna_sharma	LH900
src/jhora/horoscope/chart/charts.py	1640	lagna	_varnada_lagna_sharma	LH900
src/jhora/horoscope/chart/charts.py	1644	lagna	_varnada_lagna_sharma	LH900
src/jhora/horoscope/chart/charts.py	1648	divisional_chart_factor	_varnada_lagna_sharma	LH900
src/jhora/horoscope/chart/charts.py	1651	lagna	_varnada_lagna_sharma	LH900
src/jhora/horoscope/chart/charts.py	1651	planet_positions[0]	_varnada_lagna_sharma	LH900
src/jhora/horoscope/chart/charts.py	1652	lagna	_varnada_lagna_sharma	LH900
src/jhora/horoscope/chart/charts.py	1653	lagna	_varnada_lagna_sharma	LH900
src/jhora/horoscope/chart/charts.py	1654	divisional_chart_factor	_varnada_lagna_sharma	LH900
src/jhora/horoscope/chart/charts.py	1654	lagna	_varnada_lagna_sharma	LH900
src/jhora/horoscope/chart/charts.py	1657	lagna	_varnada_lagna_sharma	LH900
src/jhora/horoscope/chart/charts.py	1658	lagna	_varnada_lagna_sharma	LH900
src/jhora/horoscope/chart/charts.py	1659	lagna	_varnada_lagna_sharma	LH900
src/jhora/horoscope/chart/charts.py	1662	lagna	_varnada_lagna_sharma	LH900
src/jhora/horoscope/chart/charts.py	1663	lagna	_varnada_lagna_sharma	LH900
src/jhora/horoscope/chart/charts.py	1664	lagna	_varnada_lagna_sharma	LH900
src/jhora/horoscope/chart/charts.py	1665	lagna	_varnada_lagna_sharma	LH900
src/jhora/horoscope/chart/charts.py	1666	divisional_chart_factor	benefics_and_malefics	LH900
src/jhora/horoscope/chart/charts.py	1696	divisional_chart_factor	benefics_and_malefics	LH900
src/jhora/horoscope/chart/charts.py	1722	divisional_chart_factor	benefics	LH900
src/jhora/horoscope/chart/charts.py	1741	divisional_chart_factor	benefics	LH900
src/jhora/horoscope/chart/charts.py	1743	divisional_chart_factor	malefics	LH900
src/jhora/horoscope/chart/charts.py	1762	divisional_chart_factor	malefics	LH900
src/jhora/horoscope/chart/charts.py	1764	lagna	order_planets_from_kendras_of_raasi	LH900
src/jhora/horoscope/chart/charts.py	1766	planet_positions[0]	order_planets_from_kendras_of_raasi	LH900
src/jhora/horoscope/chart/charts.py	1772	lagna	order_planets_from_kendras_of_raasi	LH900
src/jhora/horoscope/chart/charts.py	1807	divisional_chart_factor	special_planet_longitudes	LH900
src/jhora/horoscope/chart/charts.py	1824	divisional_chart_factor	special_planet_longitudes	LH900
src/jhora/horoscope/chart/charts.py	1825	divisional_chart_factor	special_planet_longitudes	LH900
src/jhora/horoscope/chart/charts.py	1827	divisional_chart_factor	special_planet_longitudes	LH900
src/jhora/horoscope/chart/charts.py	1828	divisional_chart_factor	special_planet_longitudes	LH900
src/jhora/horoscope/chart/charts.py	1829	divisional_chart_factor	special_planet_longitudes	LH900
src/jhora/horoscope/chart/charts.py	1832	divisional_chart_factor	special_planet_longitudes	LH900
src/jhora/horoscope/chart/charts.py	1834	divisional_chart_factor	special_lagna_longitudes	LH900
src/jhora/horoscope/chart/charts.py	1834	lagna	special_lagna_longitudes	LH900
src/jhora/horoscope/chart/charts.py	1837	lagna	special_lagna_longitudes	LH900
src/jhora/horoscope/chart/charts.py	1838	lagna	special_lagna_longitudes	LH900
src/jhora/horoscope/chart/charts.py	1841	divisional_chart_factor	special_lagna_longitudes	LH900
src/jhora/horoscope/chart/charts.py	1843	divisional_chart_factor	solar_upagraha_longitudes	LH900
src/jhora/horoscope/chart/charts.py	1849	divisional_chart_factor	solar_upagraha_longitudes	LH900
src/jhora/horoscope/chart/charts.py	1850	divisional_chart_factor	solar_upagraha_longitudes	LH900
src/jhora/horoscope/chart/charts.py	1857	divisional_chart_factor	solar_upagraha_longitudes	LH900
src/jhora/horoscope/chart/charts.py	1858	divisional_chart_factor	_amsa	LH900
src/jhora/horoscope/chart/charts.py	1858	lagna	_amsa	LH900
src/jhora/horoscope/chart/charts.py	1862	divisional_chart_factor	_amsa	LH900
src/jhora/horoscope/chart/charts.py	1866	divisional_chart_factor	_get_amsa_index_from_longitude	LH900
src/jhora/horoscope/chart/charts.py	1871	lagna	_get_amsa_index_from_longitude	LH900
src/jhora/horoscope/chart/charts.py	1872	lagna	_get_amsa_index_from_longitude	LH900
src/jhora/horoscope/chart/charts.py	1873	lagna	_get_amsa_index_from_longitude	LH900
src/jhora/horoscope/chart/charts.py	1874	lagna	_get_amsa_index_from_longitude	LH900
src/jhora/horoscope/chart/charts.py	1875	ascendant	_get_amsa_index_from_longitude	LH900
src/jhora/horoscope/chart/charts.py	1875	divisional_chart_factor	_get_amsa_index_from_longitude	LH900
src/jhora/horoscope/chart/charts.py	1876	lagna	_get_amsa_index_from_longitude	LH900
src/jhora/horoscope/chart/charts.py	1878	divisional_chart_factor	_get_amsa_index_from_longitude	LH900
src/jhora/horoscope/chart/charts.py	1878	lagna	_get_amsa_index_from_longitude	LH900
src/jhora/horoscope/chart/charts.py	1881	lagna	_get_amsa_index_from_longitude	LH900
src/jhora/horoscope/chart/charts.py	1882	divisional_chart_factor	_get_amsa_index_from_longitude	LH900
src/jhora/horoscope/chart/charts.py	1882	lagna	_get_amsa_index_from_longitude	LH900
src/jhora/horoscope/chart/charts.py	1885	lagna	_get_amsa_index_from_longitude	LH900
src/jhora/horoscope/chart/charts.py	1886	divisional_chart_factor	_get_amsa_index_from_longitude	LH900
src/jhora/horoscope/chart/charts.py	1886	lagna	_get_amsa_index_from_longitude	LH900
src/jhora/horoscope/chart/charts.py	1889	lagna	_get_amsa_index_from_longitude	LH900
src/jhora/horoscope/chart/charts.py	1890	divisional_chart_factor	_get_amsa_index_from_longitude	LH900
src/jhora/horoscope/chart/charts.py	1890	lagna	_get_amsa_index_from_longitude	LH900
src/jhora/horoscope/chart/charts.py	1892	lagna	_get_amsa_index_from_longitude	LH900
src/jhora/horoscope/chart/charts.py	1893	divisional_chart_factor	_get_amsa_index_from_longitude	LH900
src/jhora/horoscope/chart/charts.py	1893	lagna	_get_amsa_index_from_longitude	LH900
src/jhora/horoscope/chart/charts.py	1896	lagna	_get_amsa_index_from_longitude	LH900
src/jhora/horoscope/chart/charts.py	1903	divisional_chart_factor	_get_amsa_index_from_longitude	LH900
src/jhora/horoscope/chart/charts.py	1906	divisional_chart_factor	_get_amsa_index_from_longitude	LH900
src/jhora/horoscope/chart/charts.py	1911	divisional_chart_factor	_get_amsa_index_from_longitude	LH900
src/jhora/horoscope/chart/charts.py	2000	planet_positions[0]	get_planets_in_marana_karaka_sthana	LH900
src/jhora/horoscope/chart/charts.py	2007	divisional_chart_factor	previous_planet_entry_date_divisional_chart	LH900
src/jhora/horoscope/chart/charts.py	2009	divisional_chart_factor	previous_planet_entry_date_divisional_chart	LH900
src/jhora/horoscope/chart/charts.py	2013	divisional_chart_factor	next_planet_entry_date_divisional_chart	LH900
src/jhora/horoscope/chart/charts.py	2016	ascendant	next_planet_entry_date_divisional_chart	LH900
src/jhora/horoscope/chart/charts.py	2029	divisional_chart_factor	next_planet_entry_date_divisional_chart	LH900
src/jhora/horoscope/chart/charts.py	2033	divisional_chart_factor	next_planet_entry_date_divisional_chart	LH900
src/jhora/horoscope/chart/charts.py	2035	divisional_chart_factor	next_planet_entry_date_divisional_chart	LH900
src/jhora/horoscope/chart/charts.py	2052	divisional_chart_factor	next_planet_entry_date_divisional_chart	LH900
src/jhora/horoscope/chart/charts.py	2059	divisional_chart_factor	next_planet_entry_date_divisional_chart	LH900
src/jhora/horoscope/chart/charts.py	2065	divisional_chart_factor	next_planet_entry_date_divisional_chart	LH900
src/jhora/horoscope/chart/charts.py	2080	ascendant	next_planet_entry_date_mixed_chart	LH900
src/jhora/horoscope/chart/charts.py	2122	divisional_chart_factor	next_conjunction_of_planet_pair_divisional_chart	LH900
src/jhora/horoscope/chart/charts.py	2144	ascendant	next_conjunction_of_planet_pair_divisional_chart	LH900
src/jhora/horoscope/chart/charts.py	2151	divisional_chart_factor	next_conjunction_of_planet_pair_divisional_chart	LH900
src/jhora/horoscope/chart/charts.py	2154	divisional_chart_factor	next_conjunction_of_planet_pair_divisional_chart	LH900
src/jhora/horoscope/chart/charts.py	2165	divisional_chart_factor	next_conjunction_of_planet_pair_divisional_chart	LH900
src/jhora/horoscope/chart/charts.py	2168	divisional_chart_factor	next_conjunction_of_planet_pair_divisional_chart	LH900
src/jhora/horoscope/chart/charts.py	2178	divisional_chart_factor	next_conjunction_of_planet_pair_divisional_chart	LH900
src/jhora/horoscope/chart/charts.py	2181	divisional_chart_factor	next_conjunction_of_planet_pair_divisional_chart	LH900
src/jhora/horoscope/chart/charts.py	2192	divisional_chart_factor	next_conjunction_of_planet_pair_divisional_chart	LH900
src/jhora/horoscope/chart/charts.py	2195	divisional_chart_factor	next_conjunction_of_planet_pair_divisional_chart	LH900
src/jhora/horoscope/chart/charts.py	2219	divisional_chart_factor	_amsa_d150	LH900
src/jhora/horoscope/chart/charts.py	2220	lagna	_amsa_d150	LH900
src/jhora/horoscope/chart/charts.py	2222	divisional_chart_factor	_amsa_d150	LH900
src/jhora/horoscope/chart/charts.py	2225	divisional_chart_factor	_amsa_d150	LH900
src/jhora/horoscope/chart/charts.py	2228	ascendant	_amsa_d150	LH900
src/jhora/horoscope/chart/charts.py	2269	divisional_chart_factor	get_22nd_drekkana	LH900
src/jhora/horoscope/chart/charts.py	2300	divisional_chart_factor	get_22nd_drekkana	LH900
src/jhora/horoscope/chart/charts.py	2309	planet_positions[0]	get_22nd_drekkana	LH900
src/jhora/horoscope/chart/charts.py	2314	divisional_chart_factor	get_22nd_drekkana	LH900
src/jhora/horoscope/chart/charts.py	2316	planet_positions[0]	get_22nd_drekkana	LH900
src/jhora/horoscope/chart/house.py	45	lagna	is_yoga_kaaraka	LH900
src/jhora/horoscope/chart/house.py	89	ascendant	are_planets_in_quadrants	LH900
src/jhora/horoscope/chart/house.py	93	ascendant	get_planets_in_quadrants	LH900
src/jhora/horoscope/chart/house.py	96	ascendant	are_planets_in_trines	LH900
src/jhora/horoscope/chart/house.py	100	ascendant	get_planets_in_trines	LH900
src/jhora/horoscope/chart/house.py	103	ascendant	are_planets_in_panapharas	LH900
src/jhora/horoscope/chart/house.py	107	ascendant	get_planets_in_panapharas	LH900
src/jhora/horoscope/chart/house.py	110	ascendant	are_planets_in_apoklimas	LH900
src/jhora/horoscope/chart/house.py	114	ascendant	get_planets_in_apklimas	LH900
src/jhora/horoscope/chart/house.py	117	ascendant	are_planets_in_upachayas	LH900
src/jhora/horoscope/chart/house.py	121	ascendant	get_planets_in_upachayas	LH900
src/jhora/horoscope/chart/house.py	124	ascendant	are_planets_in_chathusras	LH900
src/jhora/horoscope/chart/house.py	128	ascendant	get_planets_in_chathusras	LH900
src/jhora/horoscope/chart/house.py	131	ascendant	are_planets_in_dushthanas	LH900
src/jhora/horoscope/chart/house.py	135	ascendant	get_planets_in_dushthanas	LH900
src/jhora/horoscope/chart/house.py	197	divisional_chart_factor	chara_karakas	LH900
src/jhora/horoscope/chart/house.py	219	ascendant	graha_drishti_from_chart	LH900
src/jhora/horoscope/chart/house.py	227	ascendant	graha_drishti_from_chart	LH900
src/jhora/horoscope/chart/house.py	236	lagna	graha_drishti_of_the_planet	LH900
src/jhora/horoscope/chart/house.py	307	lagna	raasi_drishti_from_chart	LH900
src/jhora/horoscope/chart/house.py	314	ascendant	raasi_drishti_from_chart	LH900
src/jhora/horoscope/chart/house.py	326	ascendant	raasi_drishti_from_chart	LH900
src/jhora/horoscope/chart/house.py	328	ascendant	raasi_drishti_from_chart	LH900
src/jhora/horoscope/chart/house.py	391	ascendant	get_argala	LH900
src/jhora/horoscope/chart/house.py	392	ascendant	get_argala	LH900
src/jhora/horoscope/chart/house.py	393	ascendant	get_argala	LH900
src/jhora/horoscope/chart/house.py	399	lagna	stronger_planet_from_planet_positions	LH12
src/jhora/horoscope/chart/house.py	400	lagna	stronger_planet_from_planet_positions	LH12
src/jhora/horoscope/chart/house.py	419	ascendant	stronger_planet_from_planet_positions	LH12
src/jhora/horoscope/chart/house.py	420	planet_positions[0]	stronger_planet_from_planet_positions	LH12
src/jhora/horoscope/chart/house.py	426	ascendant	stronger_planet_from_planet_positions	LH12
src/jhora/horoscope/chart/house.py	427	planet_positions[0]	stronger_planet_from_planet_positions	LH12
src/jhora/horoscope/chart/house.py	759	ascendant	stronger_rasi	LH900
src/jhora/horoscope/chart/house.py	761	ascendant	stronger_rasi	LH900
src/jhora/horoscope/chart/house.py	795	ascendant	stronger_rasi	LH900
src/jhora/horoscope/chart/house.py	797	ascendant	stronger_rasi	LH900
src/jhora/horoscope/chart/house.py	963	lagna	marakas_from_planet_positions	LH900
src/jhora/horoscope/chart/house.py	964	lagna	marakas_from_planet_positions	LH900
src/jhora/horoscope/chart/house.py	969	ascendant	marakas_from_planet_positions	LH900
src/jhora/horoscope/chart/house.py	985	ascendant	marakas	LH900
src/jhora/horoscope/chart/house.py	994	divisional_chart_factor	rudra_based_on_planet_positions	LH900
src/jhora/horoscope/chart/house.py	996	divisional_chart_factor	rudra_based_on_planet_positions	LH900
src/jhora/horoscope/chart/house.py	997	ascendant	rudra_based_on_planet_positions	LH900
src/jhora/horoscope/chart/house.py	998	ascendant	rudra_based_on_planet_positions	LH900
src/jhora/horoscope/chart/house.py	1002	lagna	rudra_based_on_planet_positions	LH900
src/jhora/horoscope/chart/house.py	1003	lagna	rudra_based_on_planet_positions	LH900
src/jhora/horoscope/chart/house.py	1004	lagna	rudra_based_on_planet_positions	LH900
src/jhora/horoscope/chart/house.py	1015	planet_positions[0]	brahma	LH900
src/jhora/horoscope/chart/house.py	1044	lagna	rudra	LH900
src/jhora/horoscope/chart/house.py	1047	ascendant	rudra	LH900
src/jhora/horoscope/chart/house.py	1047	lagna	rudra	LH900
src/jhora/horoscope/chart/house.py	1048	lagna	rudra	LH900
src/jhora/horoscope/chart/house.py	1049	lagna	rudra	LH900
src/jhora/horoscope/chart/house.py	1050	lagna	rudra	LH900
src/jhora/horoscope/chart/house.py	1051	lagna	rudra	LH900
src/jhora/horoscope/chart/house.py	1052	lagna	rudra	LH900
src/jhora/horoscope/chart/house.py	1062	divisional_chart_factor	maheshwara_from_planet_positions	LH900
src/jhora/horoscope/chart/house.py	1089	divisional_chart_factor	maheshwara	LH900
src/jhora/horoscope/chart/house.py	1095	divisional_chart_factor	maheshwara	LH900
src/jhora/horoscope/chart/house.py	1098	divisional_chart_factor	longevity	LH900
src/jhora/horoscope/chart/house.py	1100	divisional_chart_factor	longevity	LH900
src/jhora/horoscope/chart/house.py	1101	ascendant	longevity	LH900
src/jhora/horoscope/chart/house.py	1102	ascendant	longevity	LH900
src/jhora/horoscope/chart/house.py	1108	lagna	longevity	LH900
src/jhora/horoscope/chart/house.py	1109	lagna	longevity	LH900
src/jhora/horoscope/chart/house.py	1110	lagna	longevity	LH900
src/jhora/horoscope/chart/house.py	1111	lagna	longevity	LH900
src/jhora/horoscope/chart/house.py	1112	lagna	longevity	LH900
src/jhora/horoscope/chart/house.py	1113	lagna	longevity	LH900
src/jhora/horoscope/chart/house.py	1114	lagna	longevity	LH900
src/jhora/horoscope/chart/house.py	1115	lagna	longevity	LH900
src/jhora/horoscope/chart/house.py	1122	lagna	longevity	LH900
src/jhora/horoscope/chart/house.py	1124	divisional_chart_factor	longevity	LH900
src/jhora/horoscope/chart/house.py	1124	lagna	longevity	LH900
src/jhora/horoscope/chart/house.py	1125	lagna	longevity	LH900
src/jhora/horoscope/chart/house.py	1126	lagna	longevity	LH900
src/jhora/horoscope/chart/house.py	1143	ascendant	_longevity_pair_check	LH900
src/jhora/horoscope/chart/house.py	1143	lagna	_longevity_pair_check	LH900
src/jhora/horoscope/chart/house.py	1172	ascendant	_associations_of_the_planet	LH900
src/jhora/horoscope/chart/house.py	1334	divisional_chart_factor	compare	LH900
src/jhora/horoscope/chart/sphuta.py	29	planet_positions[0]	tri_sphuta_mixed_chart	LH900
src/jhora/horoscope/chart/sphuta.py	30	divisional_chart_factor	tri_sphuta_mixed_chart	LH900
src/jhora/horoscope/chart/sphuta.py	33	divisional_chart_factor	tri_sphuta_mixed_chart	LH900
src/jhora/horoscope/chart/sphuta.py	35	divisional_chart_factor	tri_sphuta	LH09
src/jhora/horoscope/chart/sphuta.py	39	divisional_chart_factor	tri_sphuta	LH09
src/jhora/horoscope/chart/sphuta.py	42	planet_positions[0]	tri_sphuta	LH09
src/jhora/horoscope/chart/sphuta.py	43	divisional_chart_factor	tri_sphuta	LH09
src/jhora/horoscope/chart/sphuta.py	46	divisional_chart_factor	tri_sphuta	LH09
src/jhora/horoscope/chart/sphuta.py	54	divisional_chart_factor	chatur_sphuta_mixed_chart	LH900
src/jhora/horoscope/chart/sphuta.py	55	divisional_chart_factor	chatur_sphuta	LH900
src/jhora/horoscope/chart/sphuta.py	59	divisional_chart_factor	chatur_sphuta	LH900
src/jhora/horoscope/chart/sphuta.py	62	divisional_chart_factor	chatur_sphuta	LH900
src/jhora/horoscope/chart/sphuta.py	65	divisional_chart_factor	chatur_sphuta	LH900
src/jhora/horoscope/chart/sphuta.py	73	divisional_chart_factor	pancha_sphuta_mixed_chart	LH900
src/jhora/horoscope/chart/sphuta.py	74	divisional_chart_factor	pancha_sphuta	LH900
src/jhora/horoscope/chart/sphuta.py	78	divisional_chart_factor	pancha_sphuta	LH900
src/jhora/horoscope/chart/sphuta.py	81	divisional_chart_factor	pancha_sphuta	LH900
src/jhora/horoscope/chart/sphuta.py	84	divisional_chart_factor	pancha_sphuta	LH900
src/jhora/horoscope/chart/sphuta.py	89	planet_positions[0]	prana_sphuta_mixed_chart	LH900
src/jhora/horoscope/chart/sphuta.py	90	divisional_chart_factor	prana_sphuta_mixed_chart	LH900
src/jhora/horoscope/chart/sphuta.py	93	divisional_chart_factor	prana_sphuta_mixed_chart	LH900
src/jhora/horoscope/chart/sphuta.py	94	divisional_chart_factor	prana_sphuta	LH900
src/jhora/horoscope/chart/sphuta.py	98	divisional_chart_factor	prana_sphuta	LH900
src/jhora/horoscope/chart/sphuta.py	100	planet_positions[0]	prana_sphuta	LH900
src/jhora/horoscope/chart/sphuta.py	101	divisional_chart_factor	prana_sphuta	LH900
src/jhora/horoscope/chart/sphuta.py	104	divisional_chart_factor	prana_sphuta	LH900
src/jhora/horoscope/chart/sphuta.py	110	divisional_chart_factor	deha_sphuta_mixed_chart	LH900
src/jhora/horoscope/chart/sphuta.py	113	divisional_chart_factor	deha_sphuta_mixed_chart	LH900
src/jhora/horoscope/chart/sphuta.py	114	divisional_chart_factor	deha_sphuta	LH900
src/jhora/horoscope/chart/sphuta.py	118	divisional_chart_factor	deha_sphuta	LH900
src/jhora/horoscope/chart/sphuta.py	121	divisional_chart_factor	deha_sphuta	LH900
src/jhora/horoscope/chart/sphuta.py	124	divisional_chart_factor	deha_sphuta	LH900
src/jhora/horoscope/chart/sphuta.py	130	divisional_chart_factor	mrityu_sphuta_mixed_chart	LH900
src/jhora/horoscope/chart/sphuta.py	133	divisional_chart_factor	mrityu_sphuta_mixed_chart	LH900
src/jhora/horoscope/chart/sphuta.py	134	divisional_chart_factor	mrityu_sphuta	LH900
src/jhora/horoscope/chart/sphuta.py	138	divisional_chart_factor	mrityu_sphuta	LH900
src/jhora/horoscope/chart/sphuta.py	142	divisional_chart_factor	mrityu_sphuta	LH900
src/jhora/horoscope/chart/sphuta.py	145	divisional_chart_factor	mrityu_sphuta	LH900
src/jhora/horoscope/chart/sphuta.py	153	divisional_chart_factor	sookshma_tri_sphuta_mixed_chart	LH900
src/jhora/horoscope/chart/sphuta.py	154	divisional_chart_factor	sookshma_tri_sphuta	LH900
src/jhora/horoscope/chart/sphuta.py	156	divisional_chart_factor	sookshma_tri_sphuta	LH900
src/jhora/horoscope/chart/sphuta.py	158	divisional_chart_factor	sookshma_tri_sphuta	LH900
src/jhora/horoscope/chart/sphuta.py	160	divisional_chart_factor	sookshma_tri_sphuta	LH900
src/jhora/horoscope/chart/sphuta.py	163	divisional_chart_factor	sookshma_tri_sphuta	LH900
src/jhora/horoscope/chart/sphuta.py	172	divisional_chart_factor	beeja_sphuta_mixed_chart	LH900
src/jhora/horoscope/chart/sphuta.py	173	divisional_chart_factor	beeja_sphuta	LH900
src/jhora/horoscope/chart/sphuta.py	177	divisional_chart_factor	beeja_sphuta	LH900
src/jhora/horoscope/chart/sphuta.py	184	divisional_chart_factor	beeja_sphuta	LH900
src/jhora/horoscope/chart/sphuta.py	193	divisional_chart_factor	kshetra_sphuta_mixed_chart	LH900
src/jhora/horoscope/chart/sphuta.py	194	divisional_chart_factor	kshetra_sphuta	LH900
src/jhora/horoscope/chart/sphuta.py	198	divisional_chart_factor	kshetra_sphuta	LH900
src/jhora/horoscope/chart/sphuta.py	205	divisional_chart_factor	kshetra_sphuta	LH900
src/jhora/horoscope/chart/sphuta.py	213	divisional_chart_factor	tithi_sphuta_mixed_chart	LH900
src/jhora/horoscope/chart/sphuta.py	214	divisional_chart_factor	tithi_sphuta	LH900
src/jhora/horoscope/chart/sphuta.py	218	divisional_chart_factor	tithi_sphuta	LH900
src/jhora/horoscope/chart/sphuta.py	224	divisional_chart_factor	tithi_sphuta	LH900
src/jhora/horoscope/chart/sphuta.py	234	divisional_chart_factor	yoga_sphuta_mixed_chart	LH900
src/jhora/horoscope/chart/sphuta.py	235	divisional_chart_factor	yoga_sphuta	LH900
src/jhora/horoscope/chart/sphuta.py	239	divisional_chart_factor	yoga_sphuta	LH900
src/jhora/horoscope/chart/sphuta.py	246	divisional_chart_factor	yoga_sphuta	LH900
src/jhora/horoscope/chart/sphuta.py	250	divisional_chart_factor	yogi_sphuta	LH900
src/jhora/horoscope/chart/sphuta.py	252	divisional_chart_factor	yogi_sphuta	LH900
src/jhora/horoscope/chart/sphuta.py	260	divisional_chart_factor	avayogi_sphuta	LH900
src/jhora/horoscope/chart/sphuta.py	262	divisional_chart_factor	avayogi_sphuta	LH900
src/jhora/horoscope/chart/sphuta.py	265	divisional_chart_factor	avayogi_sphuta	LH900
src/jhora/horoscope/chart/sphuta.py	273	divisional_chart_factor	rahu_tithi_sphuta_mixed_chart	LH900
src/jhora/horoscope/chart/sphuta.py	274	divisional_chart_factor	rahu_tithi_sphuta	LH900
src/jhora/horoscope/chart/sphuta.py	278	divisional_chart_factor	rahu_tithi_sphuta	LH900
src/jhora/horoscope/chart/sphuta.py	284	divisional_chart_factor	rahu_tithi_sphuta	LH900
src/jhora/panchanga/drik.py	102	set_ayanamsa_mode	get_ayanamsa_value	LH900
src/jhora/panchanga/drik.py	103	set_ayanamsa_mode	get_ayanamsa_value	LH900
src/jhora/panchanga/drik.py	114	set_ayanamsa_mode	get_ayanamsa_value	LH900
src/jhora/panchanga/drik.py	117	set_ayanamsa_mode	set_ayanamsa_mode	LH900
src/jhora/panchanga/drik.py	149	reset_ayanamsa_mode	set_ayanamsa_mode	LH900
src/jhora/panchanga/drik.py	149	set_ayanamsa_mode	set_ayanamsa_mode	LH900
src/jhora/panchanga/drik.py	226	set_ayanamsa_mode	sidereal_longitude	LH900
src/jhora/panchanga/drik.py	227	set_ayanamsa_mode	sidereal_longitude	LH900
src/jhora/panchanga/drik.py	231	reset_ayanamsa_mode	sidereal_longitude	LH900
src/jhora/panchanga/drik.py	231	set_ayanamsa_mode	sidereal_longitude	LH900
src/jhora/panchanga/drik.py	245	set_ayanamsa_mode	planets_in_retrograde	LH900
src/jhora/panchanga/drik.py	251	reset_ayanamsa_mode	planets_in_retrograde	LH900
src/jhora/panchanga/drik.py	251	set_ayanamsa_mode	planets_in_retrograde	LH900
src/jhora/panchanga/drik.py	278	set_ayanamsa_mode	planets_speed_info	LH900
src/jhora/panchanga/drik.py	286	reset_ayanamsa_mode	planets_speed_info	LH900
src/jhora/panchanga/drik.py	286	set_ayanamsa_mode	planets_speed_info	LH900
src/jhora/panchanga/drik.py	1299	ascendant	planetary_positions	LH900
src/jhora/panchanga/drik.py	1314	bhava_madhya_method	_assign_planets_to_houses	LH900
src/jhora/panchanga/drik.py	1324	bhava_madhya_method	_assign_planets_to_houses	LH900
src/jhora/panchanga/drik.py	1326	bhava_madhya_method	_assign_planets_to_houses	LH900
src/jhora/panchanga/drik.py	1328	bhava_madhya_method	_assign_planets_to_houses	LH900
src/jhora/panchanga/drik.py	1328	western_house_systems	_assign_planets_to_houses	LH900
src/jhora/panchanga/drik.py	1331	bhaava_madhya	_bhaava_madhya_new	LH900
src/jhora/panchanga/drik.py	1331	bhava_madhya_method	_bhaava_madhya_new	LH900
src/jhora/panchanga/drik.py	1336	bhava_madhya_method	_bhaava_madhya_new	LH900
src/jhora/panchanga/drik.py	1337	lagna	_bhaava_madhya_new	LH900
src/jhora/panchanga/drik.py	1338	lagna	_bhaava_madhya_new	LH900
src/jhora/panchanga/drik.py	1342	ascendant	_bhaava_madhya_new	LH900
src/jhora/panchanga/drik.py	1348	available_house_systems	_bhaava_madhya_new	LH900
src/jhora/panchanga/drik.py	1348	bhava_madhya_method	_bhaava_madhya_new	LH900
src/jhora/panchanga/drik.py	1349	available_house_systems	_bhaava_madhya_new	LH900
src/jhora/panchanga/drik.py	1349	bhava_madhya_method	_bhaava_madhya_new	LH900
src/jhora/panchanga/drik.py	1351	bhava_madhya_method	_bhaava_madhya_new	LH900
src/jhora/panchanga/drik.py	1352	ascendant	_bhaava_madhya_new	LH900
src/jhora/panchanga/drik.py	1353	ascendant	_bhaava_madhya_new	LH900
src/jhora/panchanga/drik.py	1354	divisional_chart_factor	_bhaava_madhya_new	LH900
src/jhora/panchanga/drik.py	1355	ascendant	_bhaava_madhya_new	LH900
src/jhora/panchanga/drik.py	1357	bhava_madhya_method	_bhaava_madhya_new	LH900
src/jhora/panchanga/drik.py	1357	lagna	_bhaava_madhya_new	LH900
src/jhora/panchanga/drik.py	1358	ascendant	_bhaava_madhya_new	LH900
src/jhora/panchanga/drik.py	1363	bhava_madhya_method	_bhaava_madhya_new	LH900
src/jhora/panchanga/drik.py	1364	bhava_madhya_method	_bhaava_madhya_new	LH900
src/jhora/panchanga/drik.py	1364	lagna	_bhaava_madhya_new	LH900
src/jhora/panchanga/drik.py	1365	ascendant	_bhaava_madhya_new	LH900
src/jhora/panchanga/drik.py	1370	bhava_madhya_method	_bhaava_madhya_new	LH900
src/jhora/panchanga/drik.py	1371	bhava_madhya_method	_bhaava_madhya_new	LH900
src/jhora/panchanga/drik.py	1372	bhaava_madhya	_bhaava_madhya_new	LH900
src/jhora/panchanga/drik.py	1376	bhava_madhya_method	_bhaava_madhya_new	LH900
src/jhora/panchanga/drik.py	1377	bhava_madhya_method	_bhaava_madhya_new	LH900
src/jhora/panchanga/drik.py	1377	western_house_systems	_bhaava_madhya_new	LH900
src/jhora/panchanga/drik.py	1378	bhaava_madhya	_bhaava_madhya_new	LH900
src/jhora/panchanga/drik.py	1378	bhava_madhya_method	_bhaava_madhya_new	LH900
src/jhora/panchanga/drik.py	1378	house_code	_bhaava_madhya_new	LH900
src/jhora/panchanga/drik.py	1385	bhava_madhya_method	_bhaava_madhya_new	LH900
src/jhora/panchanga/drik.py	1386	bhava_madhya_method	_bhaava_madhya_new	LH900
src/jhora/panchanga/drik.py	1388	ascendant	_bhaava_madhya_new	LH900
src/jhora/panchanga/drik.py	1389	ascendant	_bhaava_madhya_new	LH900
src/jhora/panchanga/drik.py	1391	bhava_madhya_method	_bhaava_madhya_new	LH900
src/jhora/panchanga/drik.py	1392	bhaava_madhya	bhaava_madhya	LH900
src/jhora/panchanga/drik.py	1398	ascendant	bhaava_madhya	LH900
src/jhora/panchanga/drik.py	1403	bhaava_madhya	bhaava_madhya	LH900
src/jhora/panchanga/drik.py	1405	bhaava_madhya	bhaava_madhya	LH900
src/jhora/panchanga/drik.py	1406	bhaava_madhya	bhaava_madhya_swe	LH05
src/jhora/panchanga/drik.py	1406	house_code	bhaava_madhya_swe	LH05
src/jhora/panchanga/drik.py	1414	ascendant	bhaava_madhya_swe	LH05
src/jhora/panchanga/drik.py	1424	house_code	bhaava_madhya_swe	LH05
src/jhora/panchanga/drik.py	1424	western_house_systems	bhaava_madhya_swe	LH05
src/jhora/panchanga/drik.py	1425	house_code	bhaava_madhya_swe	LH05
src/jhora/panchanga/drik.py	1425	western_house_systems	bhaava_madhya_swe	LH05
src/jhora/panchanga/drik.py	1427	house_code	bhaava_madhya_swe	LH05
src/jhora/panchanga/drik.py	1428	house_code	bhaava_madhya_swe	LH05
src/jhora/panchanga/drik.py	1436	houses_ex	bhaava_madhya_swe	LH05
src/jhora/panchanga/drik.py	1436	set_ayanamsa_mode	bhaava_madhya_swe	LH05
src/jhora/panchanga/drik.py	1437	houses_ex	bhaava_madhya_swe	LH05
src/jhora/panchanga/drik.py	1438	bhaava_madhya	bhaava_madhya_kp	LH06
src/jhora/panchanga/drik.py	1441	ascendant	bhaava_madhya_kp	LH06
src/jhora/panchanga/drik.py	1450	houses_ex	bhaava_madhya_kp	LH06
src/jhora/panchanga/drik.py	1450	set_ayanamsa_mode	bhaava_madhya_kp	LH06
src/jhora/panchanga/drik.py	1451	houses_ex	bhaava_madhya_kp	LH06
src/jhora/panchanga/drik.py	1452	bhaava_madhya	bhaava_madhya_sripathi	LH900
src/jhora/panchanga/drik.py	1453	bhaava_madhya	bhaava_madhya_sripathi	LH900
src/jhora/panchanga/drik.py	1470	ascendant	ascendant	LH07
src/jhora/panchanga/drik.py	1472	ascendant	ascendant	LH07
src/jhora/panchanga/drik.py	1472	lagna	ascendant	LH07
src/jhora/panchanga/drik.py	1475	lagna	ascendant	LH07
src/jhora/panchanga/drik.py	1484	houses_ex	ascendant	LH07
src/jhora/panchanga/drik.py	1484	set_ayanamsa_mode	ascendant	LH07
src/jhora/panchanga/drik.py	1485	houses_ex	ascendant	LH07
src/jhora/panchanga/drik.py	1485	lagna	ascendant	LH07
src/jhora/panchanga/drik.py	1486	lagna	ascendant	LH07
src/jhora/panchanga/drik.py	1487	lagna	ascendant	LH07
src/jhora/panchanga/drik.py	1488	lagna	ascendant	LH07
src/jhora/panchanga/drik.py	1489	reset_ayanamsa_mode	ascendant	LH07
src/jhora/panchanga/drik.py	1489	set_ayanamsa_mode	ascendant	LH07
src/jhora/panchanga/drik.py	1491	divisional_chart_factor	dasavarga_from_long	LH900
src/jhora/panchanga/drik.py	1495	divisional_chart_factor	dasavarga_from_long	LH900
src/jhora/panchanga/drik.py	1496	divisional_chart_factor	dasavarga_from_long	LH900
src/jhora/panchanga/drik.py	1503	divisional_chart_factor	dasavarga_from_long	LH900
src/jhora/panchanga/drik.py	1504	divisional_chart_factor	dasavarga_from_long	LH900
src/jhora/panchanga/drik.py	1505	divisional_chart_factor	dasavarga_from_long	LH900
src/jhora/panchanga/drik.py	1530	divisional_chart_factor	dhasavarga	LH900
src/jhora/panchanga/drik.py	1535	divisional_chart_factor	dhasavarga	LH900
src/jhora/panchanga/drik.py	1536	divisional_chart_factor	dhasavarga	LH900
src/jhora/panchanga/drik.py	1543	ascendant	dhasavarga	LH900
src/jhora/panchanga/drik.py	1544	ascendant	dhasavarga	LH900
src/jhora/panchanga/drik.py	1554	divisional_chart_factor	dhasavarga	LH900
src/jhora/panchanga/drik.py	1567	divisional_chart_factor	declination_of_planets	LH900
src/jhora/panchanga/drik.py	1602	divisional_chart_factor	solar_upagraha_longitudes	LH900
src/jhora/panchanga/drik.py	1608	divisional_chart_factor	solar_upagraha_longitudes	LH900
src/jhora/panchanga/drik.py	1609	divisional_chart_factor	solar_upagraha_longitudes	LH900
src/jhora/panchanga/drik.py	1617	divisional_chart_factor	solar_upagraha_longitudes	LH900
src/jhora/panchanga/drik.py	1621	lagna	solar_upagraha_longitudes	LH900
src/jhora/panchanga/drik.py	1623	divisional_chart_factor	solar_upagraha_longitudes	LH900
src/jhora/panchanga/drik.py	1625	divisional_chart_factor	solar_upagraha_longitudes	LH900
src/jhora/panchanga/drik.py	1627	divisional_chart_factor	solar_upagraha_longitudes	LH900
src/jhora/panchanga/drik.py	1629	divisional_chart_factor	solar_upagraha_longitudes	LH900
src/jhora/panchanga/drik.py	1631	divisional_chart_factor	solar_upagraha_longitudes	LH900
src/jhora/panchanga/drik.py	1633	divisional_chart_factor	solar_upagraha_longitudes	LH900
src/jhora/panchanga/drik.py	1635	divisional_chart_factor	solar_upagraha_longitudes	LH900
src/jhora/panchanga/drik.py	1637	divisional_chart_factor	solar_upagraha_longitudes	LH900
src/jhora/panchanga/drik.py	1639	divisional_chart_factor	solar_upagraha_longitudes	LH900
src/jhora/panchanga/drik.py	1641	divisional_chart_factor	solar_upagraha_longitudes	LH900
src/jhora/panchanga/drik.py	1643	divisional_chart_factor	solar_upagraha_longitudes	LH900
src/jhora/panchanga/drik.py	1645	divisional_chart_factor	solar_upagraha_longitudes	LH900
src/jhora/panchanga/drik.py	1647	divisional_chart_factor	upagraha_longitude	LH900
src/jhora/panchanga/drik.py	1657	lagna	upagraha_longitude	LH900
src/jhora/panchanga/drik.py	1669	divisional_chart_factor	upagraha_longitude	LH900
src/jhora/panchanga/drik.py	1670	divisional_chart_factor	upagraha_longitude	LH900
src/jhora/panchanga/drik.py	1671	divisional_chart_factor	upagraha_longitude	LH900
src/jhora/panchanga/drik.py	1672	divisional_chart_factor	upagraha_longitude	LH900
src/jhora/panchanga/drik.py	1673	divisional_chart_factor	upagraha_longitude	LH900
src/jhora/panchanga/drik.py	1674	divisional_chart_factor	upagraha_longitude	LH900
src/jhora/panchanga/drik.py	1710	ascendant	upagraha_longitude	LH900
src/jhora/panchanga/drik.py	1711	ascendant	upagraha_longitude	LH900
src/jhora/panchanga/drik.py	1713	divisional_chart_factor	upagraha_longitude	LH900
src/jhora/panchanga/drik.py	1715	lagna	upagraha_longitude	LH900
src/jhora/panchanga/drik.py	1716	divisional_chart_factor	upagraha_longitude	LH900
src/jhora/panchanga/drik.py	1716	lagna	upagraha_longitude	LH900
src/jhora/panchanga/drik.py	1718	ascendant	upagraha_longitude	LH900
src/jhora/panchanga/drik.py	1718	divisional_chart_factor	upagraha_longitude	LH900
src/jhora/panchanga/drik.py	1719	lagna	upagraha_longitude	LH900
src/jhora/panchanga/drik.py	1721	divisional_chart_factor	upagraha_longitude	LH900
src/jhora/panchanga/drik.py	1721	lagna	upagraha_longitude	LH900
src/jhora/panchanga/drik.py	1723	ascendant	upagraha_longitude	LH900
src/jhora/panchanga/drik.py	1723	divisional_chart_factor	upagraha_longitude	LH900
src/jhora/panchanga/drik.py	1724	lagna	upagraha_longitude	LH900
src/jhora/panchanga/drik.py	1726	divisional_chart_factor	upagraha_longitude	LH900
src/jhora/panchanga/drik.py	1726	lagna	upagraha_longitude	LH900
src/jhora/panchanga/drik.py	1728	ascendant	upagraha_longitude	LH900
src/jhora/panchanga/drik.py	1728	divisional_chart_factor	upagraha_longitude	LH900
src/jhora/panchanga/drik.py	1729	lagna	upagraha_longitude	LH900
src/jhora/panchanga/drik.py	1731	divisional_chart_factor	upagraha_longitude	LH900
src/jhora/panchanga/drik.py	1731	lagna	upagraha_longitude	LH900
src/jhora/panchanga/drik.py	1733	ascendant	upagraha_longitude	LH900
src/jhora/panchanga/drik.py	1733	divisional_chart_factor	upagraha_longitude	LH900
src/jhora/panchanga/drik.py	1734	lagna	upagraha_longitude	LH900
src/jhora/panchanga/drik.py	1736	ascendant	special_ascendant	LH15
src/jhora/panchanga/drik.py	1736	divisional_chart_factor	special_ascendant	LH15
src/jhora/panchanga/drik.py	1737	lagna	special_ascendant	LH15
src/jhora/panchanga/drik.py	1739	lagna	special_ascendant	LH15
src/jhora/panchanga/drik.py	1742	lagna	special_ascendant	LH15
src/jhora/panchanga/drik.py	1743	lagna	special_ascendant	LH15
src/jhora/panchanga/drik.py	1744	lagna	special_ascendant	LH15
src/jhora/panchanga/drik.py	1745	lagna	special_ascendant	LH15
src/jhora/panchanga/drik.py	1746	lagna	special_ascendant	LH15
src/jhora/panchanga/drik.py	1747	divisional_chart_factor	special_ascendant	LH15
src/jhora/panchanga/drik.py	1748	divisional_chart_factor	special_ascendant	LH15
src/jhora/panchanga/drik.py	1752	lagna	special_ascendant	LH15
src/jhora/panchanga/drik.py	1753	lagna	special_ascendant	LH15
src/jhora/panchanga/drik.py	1755	divisional_chart_factor	special_ascendant	LH15
src/jhora/panchanga/drik.py	1755	lagna	special_ascendant	LH15
src/jhora/panchanga/drik.py	1756	divisional_chart_factor	special_ascendant	LH15
src/jhora/panchanga/drik.py	1756	lagna	special_ascendant	LH15
src/jhora/panchanga/drik.py	1757	divisional_chart_factor	special_ascendant	LH15
src/jhora/panchanga/drik.py	1757	lagna	special_ascendant	LH15
src/jhora/panchanga/drik.py	1758	divisional_chart_factor	special_ascendant	LH15
src/jhora/panchanga/drik.py	1758	lagna	special_ascendant	LH15
src/jhora/panchanga/drik.py	1773	divisional_chart_factor	special_ascendant	LH15
src/jhora/panchanga/drik.py	1776	lagna	special_ascendant	LH15
src/jhora/panchanga/drik.py	1777	divisional_chart_factor	special_ascendant	LH15
src/jhora/panchanga/drik.py	1779	lagna	special_ascendant	LH15
src/jhora/panchanga/drik.py	1780	ascendant	special_ascendant	LH15
src/jhora/panchanga/drik.py	1781	lagna	special_ascendant	LH15
src/jhora/panchanga/drik.py	1782	lagna	special_ascendant	LH15
src/jhora/panchanga/drik.py	1783	ascendant	special_ascendant	LH15
src/jhora/panchanga/drik.py	1784	lagna	special_ascendant	LH15
src/jhora/panchanga/drik.py	1785	lagna	special_ascendant	LH15
src/jhora/panchanga/drik.py	1786	ascendant	special_ascendant	LH15
src/jhora/panchanga/drik.py	1787	lagna	special_ascendant	LH15
src/jhora/panchanga/drik.py	1788	lagna	special_ascendant	LH15
src/jhora/panchanga/drik.py	1789	ascendant	special_ascendant	LH15
src/jhora/panchanga/drik.py	1790	lagna	special_ascendant	LH15
src/jhora/panchanga/drik.py	1791	ascendant	special_ascendant_mixed_chart	LH900
src/jhora/panchanga/drik.py	1792	lagna	special_ascendant_mixed_chart	LH900
src/jhora/panchanga/drik.py	1807	lagna	special_ascendant_mixed_chart	LH900
src/jhora/panchanga/drik.py	1810	lagna	pranapada_lagna_mixed_chart	LH900
src/jhora/panchanga/drik.py	1830	divisional_chart_factor	pranapada_lagna	LH900
src/jhora/panchanga/drik.py	1830	lagna	pranapada_lagna	LH900
src/jhora/panchanga/drik.py	1833	lagna	pranapada_lagna	LH900
src/jhora/panchanga/drik.py	1836	divisional_chart_factor	pranapada_lagna	LH900
src/jhora/panchanga/drik.py	1837	divisional_chart_factor	pranapada_lagna	LH900
src/jhora/panchanga/drik.py	1841	lagna	pranapada_lagna	LH900
src/jhora/panchanga/drik.py	1847	divisional_chart_factor	pranapada_lagna	LH900
src/jhora/panchanga/drik.py	1852	divisional_chart_factor	pranapada_lagna	LH900
src/jhora/panchanga/drik.py	1861	divisional_chart_factor	pranapada_lagna	LH900
src/jhora/panchanga/drik.py	1863	lagna	indu_lagna_mixed_chart	LH900
src/jhora/panchanga/drik.py	1868	planet_positions[0]	indu_lagna_mixed_chart	LH900
src/jhora/panchanga/drik.py	1875	divisional_chart_factor	indu_lagna	LH900
src/jhora/panchanga/drik.py	1875	lagna	indu_lagna	LH900
src/jhora/panchanga/drik.py	1878	lagna	indu_lagna	LH900
src/jhora/panchanga/drik.py	1881	divisional_chart_factor	indu_lagna	LH900
src/jhora/panchanga/drik.py	1882	divisional_chart_factor	indu_lagna	LH900
src/jhora/panchanga/drik.py	1886	lagna	indu_lagna	LH900
src/jhora/panchanga/drik.py	1890	divisional_chart_factor	indu_lagna	LH900
src/jhora/panchanga/drik.py	1894	planet_positions[0]	indu_lagna	LH900
src/jhora/panchanga/drik.py	1901	lagna	kunda_lagna_mixed_chart	LH900
src/jhora/panchanga/drik.py	1905	planet_positions[0]	kunda_lagna_mixed_chart	LH900
src/jhora/panchanga/drik.py	1906	divisional_chart_factor	kunda_lagna_mixed_chart	LH900
src/jhora/panchanga/drik.py	1908	divisional_chart_factor	kunda_lagna	LH900
src/jhora/panchanga/drik.py	1908	lagna	kunda_lagna	LH900
src/jhora/panchanga/drik.py	1911	lagna	kunda_lagna	LH900
src/jhora/panchanga/drik.py	1914	divisional_chart_factor	kunda_lagna	LH900
src/jhora/panchanga/drik.py	1915	divisional_chart_factor	kunda_lagna	LH900
src/jhora/panchanga/drik.py	1919	lagna	kunda_lagna	LH900
src/jhora/panchanga/drik.py	1922	divisional_chart_factor	kunda_lagna	LH900
src/jhora/panchanga/drik.py	1925	planet_positions[0]	kunda_lagna	LH900
src/jhora/panchanga/drik.py	1926	divisional_chart_factor	kunda_lagna	LH900
src/jhora/panchanga/drik.py	1928	lagna	bhrigu_bindhu_lagna_mixed_chart	LH900
src/jhora/panchanga/drik.py	1929	lagna	bhrigu_bindhu_lagna_mixed_chart	LH900
src/jhora/panchanga/drik.py	1938	divisional_chart_factor	bhrigu_bindhu_lagna	LH900
src/jhora/panchanga/drik.py	1938	lagna	bhrigu_bindhu_lagna	LH900
src/jhora/panchanga/drik.py	1941	lagna	bhrigu_bindhu_lagna	LH900
src/jhora/panchanga/drik.py	1944	divisional_chart_factor	bhrigu_bindhu_lagna	LH900
src/jhora/panchanga/drik.py	1945	divisional_chart_factor	bhrigu_bindhu_lagna	LH900
src/jhora/panchanga/drik.py	1949	lagna	bhrigu_bindhu_lagna	LH900
src/jhora/panchanga/drik.py	1952	divisional_chart_factor	bhrigu_bindhu_lagna	LH900
src/jhora/panchanga/drik.py	1960	lagna	sree_lagna_mixed_chart	LH900
src/jhora/panchanga/drik.py	1961	lagna	sree_lagna_mixed_chart	LH900
src/jhora/panchanga/drik.py	1965	planet_positions[0]	sree_lagna_mixed_chart	LH900
src/jhora/panchanga/drik.py	1967	divisional_chart_factor	sree_lagna_mixed_chart	LH900
src/jhora/panchanga/drik.py	1967	lagna	sree_lagna_mixed_chart	LH900
src/jhora/panchanga/drik.py	1969	divisional_chart_factor	sree_lagna	LH900
src/jhora/panchanga/drik.py	1969	lagna	sree_lagna	LH900
src/jhora/panchanga/drik.py	1971	lagna	sree_lagna	LH900
src/jhora/panchanga/drik.py	1974	divisional_chart_factor	sree_lagna	LH900
src/jhora/panchanga/drik.py	1975	divisional_chart_factor	sree_lagna	LH900
src/jhora/panchanga/drik.py	1979	lagna	sree_lagna	LH900
src/jhora/panchanga/drik.py	1982	divisional_chart_factor	sree_lagna	LH900
src/jhora/panchanga/drik.py	1985	planet_positions[0]	sree_lagna	LH900
src/jhora/panchanga/drik.py	1987	divisional_chart_factor	sree_lagna	LH900
src/jhora/panchanga/drik.py	1987	lagna	sree_lagna	LH900
src/jhora/panchanga/drik.py	1989	ascendant	sree_lagna_from_moon_asc_longitudes	LH900
src/jhora/panchanga/drik.py	1989	divisional_chart_factor	sree_lagna_from_moon_asc_longitudes	LH900
src/jhora/panchanga/drik.py	1989	lagna	sree_lagna_from_moon_asc_longitudes	LH900
src/jhora/panchanga/drik.py	1991	ascendant	sree_lagna_from_moon_asc_longitudes	LH900
src/jhora/panchanga/drik.py	1995	divisional_chart_factor	sree_lagna_from_moon_asc_longitudes	LH900
src/jhora/panchanga/drik.py	2258	divisional_chart_factor	next_solar_date	LH900
src/jhora/panchanga/drik.py	2430	lagna	_birthtime_rectification_lagna_suddhi	LH900
src/jhora/panchanga/drik.py	2433	lagna	_birthtime_rectification_lagna_suddhi	LH900
src/jhora/panchanga/drik.py	2439	divisional_chart_factor	_birthtime_rectification_lagna_suddhi	LH900
src/jhora/panchanga/drik.py	2440	lagna	_birthtime_rectification_lagna_suddhi	LH900
src/jhora/panchanga/drik.py	2442	lagna	_birthtime_rectification_lagna_suddhi	LH900
src/jhora/panchanga/drik.py	2443	lagna	_birthtime_rectification_lagna_suddhi	LH900
src/jhora/panchanga/drik.py	2444	lagna	_birthtime_rectification_lagna_suddhi	LH900
src/jhora/panchanga/drik.py	2445	lagna	_birthtime_rectification_lagna_suddhi	LH900
src/jhora/panchanga/drik.py	2446	lagna	_birthtime_rectification_lagna_suddhi	LH900
src/jhora/panchanga/drik.py	2447	divisional_chart_factor	_birthtime_rectification_lagna_suddhi	LH900
src/jhora/panchanga/drik.py	2448	lagna	_birthtime_rectification_lagna_suddhi	LH900
src/jhora/panchanga/drik.py	2449	lagna	_birthtime_rectification_lagna_suddhi	LH900
src/jhora/panchanga/drik.py	2450	lagna	_birthtime_rectification_lagna_suddhi	LH900
src/jhora/panchanga/drik.py	2451	lagna	_birthtime_rectification_lagna_suddhi	LH900
src/jhora/panchanga/drik.py	2469	divisional_chart_factor	__next_conjunction_of_planet_pair	LH900
src/jhora/panchanga/drik.py	2477	ascendant	__next_conjunction_of_planet_pair	LH900
src/jhora/panchanga/drik.py	2478	ascendant	__next_conjunction_of_planet_pair	LH900
src/jhora/panchanga/drik.py	2478	divisional_chart_factor	__next_conjunction_of_planet_pair	LH900
src/jhora/panchanga/drik.py	2483	ascendant	__next_conjunction_of_planet_pair	LH900
src/jhora/panchanga/drik.py	2484	ascendant	__next_conjunction_of_planet_pair	LH900
src/jhora/panchanga/drik.py	2484	divisional_chart_factor	__next_conjunction_of_planet_pair	LH900
src/jhora/panchanga/drik.py	2524	ascendant	next_conjunction_of_planet_pair	LH900
src/jhora/panchanga/drik.py	2525	ascendant	next_conjunction_of_planet_pair	LH900
src/jhora/panchanga/drik.py	2530	ascendant	next_conjunction_of_planet_pair	LH900
src/jhora/panchanga/drik.py	2531	ascendant	next_conjunction_of_planet_pair	LH900
src/jhora/panchanga/drik.py	2544	ascendant	next_conjunction_of_planet_pair	LH900
src/jhora/panchanga/drik.py	2545	ascendant	next_conjunction_of_planet_pair	LH900
src/jhora/panchanga/drik.py	2550	ascendant	next_conjunction_of_planet_pair	LH900
src/jhora/panchanga/drik.py	2551	ascendant	next_conjunction_of_planet_pair	LH900
src/jhora/panchanga/drik.py	2563	ascendant	next_conjunction_of_planet_pair	LH900
src/jhora/panchanga/drik.py	2564	ascendant	next_conjunction_of_planet_pair	LH900
src/jhora/panchanga/drik.py	2569	ascendant	next_conjunction_of_planet_pair	LH900
src/jhora/panchanga/drik.py	2570	ascendant	next_conjunction_of_planet_pair	LH900
src/jhora/panchanga/drik.py	2593	ascendant	previous_ascendant_entry_date	LH900
src/jhora/panchanga/drik.py	2593	divisional_chart_factor	previous_ascendant_entry_date	LH900
src/jhora/panchanga/drik.py	2594	ascendant	previous_ascendant_entry_date	LH900
src/jhora/panchanga/drik.py	2594	divisional_chart_factor	previous_ascendant_entry_date	LH900
src/jhora/panchanga/drik.py	2595	ascendant	next_ascendant_entry_date	LH900
src/jhora/panchanga/drik.py	2595	divisional_chart_factor	next_ascendant_entry_date	LH900
src/jhora/panchanga/drik.py	2597	ascendant	next_ascendant_entry_date	LH900
src/jhora/panchanga/drik.py	2608	divisional_chart_factor	next_ascendant_entry_date	LH900
src/jhora/panchanga/drik.py	2608	lagna	next_ascendant_entry_date	LH900
src/jhora/panchanga/drik.py	2609	ascendant	next_ascendant_entry_date	LH900
src/jhora/panchanga/drik.py	2611	divisional_chart_factor	next_ascendant_entry_date	LH900
src/jhora/panchanga/drik.py	2612	divisional_chart_factor	next_ascendant_entry_date	LH900
src/jhora/panchanga/drik.py	2620	ascendant	next_ascendant_entry_date	LH900
src/jhora/panchanga/drik.py	2620	divisional_chart_factor	next_ascendant_entry_date	LH900
src/jhora/panchanga/drik.py	2625	ascendant	next_ascendant_entry_date	LH900
src/jhora/panchanga/drik.py	2625	divisional_chart_factor	next_ascendant_entry_date	LH900
src/jhora/panchanga/drik.py	2629	divisional_chart_factor	next_ascendant_entry_date	LH900
src/jhora/panchanga/drik.py	2631	ascendant	next_ascendant_entry_date	LH900
src/jhora/panchanga/drik.py	2631	divisional_chart_factor	next_ascendant_entry_date	LH900
src/jhora/panchanga/drik.py	2648	ascendant	next_planet_entry_date	LH900
src/jhora/panchanga/drik.py	2649	ascendant	next_planet_entry_date	LH900
src/jhora/panchanga/drik.py	2650	ascendant	next_planet_entry_date	LH900
src/jhora/panchanga/drik.py	2651	ascendant	next_planet_entry_date	LH900
src/jhora/panchanga/drik.py	2651	lagna	next_planet_entry_date	LH900
src/jhora/panchanga/drik.py	2659	ascendant	next_planet_entry_date	LH900
src/jhora/panchanga/drik.py	2660	ascendant	next_planet_entry_date	LH900
src/jhora/panchanga/drik.py	2676	ascendant	next_planet_entry_date	LH900
src/jhora/panchanga/drik.py	2677	ascendant	next_planet_entry_date	LH900
src/jhora/panchanga/drik.py	2686	ascendant	next_planet_entry_date	LH900
src/jhora/panchanga/drik.py	2687	ascendant	next_planet_entry_date	LH900
src/jhora/panchanga/drik.py	2695	ascendant	next_planet_entry_date	LH900
src/jhora/panchanga/drik.py	2696	ascendant	next_planet_entry_date	LH900
src/jhora/panchanga/drik.py	2713	set_ayanamsa_mode	_get_planet_longitude_sign	LH900
src/jhora/panchanga/drik.py	2743	lagna	_nisheka_time	LH900
src/jhora/panchanga/drik.py	2744	lagna	_nisheka_time	LH900
src/jhora/panchanga/drik.py	2747	lagna	_nisheka_time	LH900
src/jhora/panchanga/drik.py	2757	lagna	_nisheka_time_1	LH900
src/jhora/panchanga/drik.py	2758	lagna	_nisheka_time_1	LH900
src/jhora/panchanga/drik.py	2759	lagna	_nisheka_time_1	LH900
src/jhora/panchanga/drik.py	2762	lagna	_nisheka_time_1	LH900
src/jhora/panchanga/drik.py	2970	lagna	udhaya_lagna_muhurtha	LH900
src/jhora/panchanga/drik.py	2972	ascendant	udhaya_lagna_muhurtha	LH900
src/jhora/panchanga/drik.py	2975	ascendant	udhaya_lagna_muhurtha	LH900
src/jhora/panchanga/drik.py	2976	ascendant	udhaya_lagna_muhurtha	LH900
src/jhora/panchanga/drik.py	2980	ascendant	udhaya_lagna_muhurtha	LH900
src/jhora/panchanga/drik.py	2988	lagna	chandrabalam	LH900
src/jhora/panchanga/drik.py	2999	lagna	panchaka_rahitha	LH900
src/jhora/panchanga/drik.py	3031	lagna	nava_thaara	LH900
src/jhora/panchanga/drik.py	3032	ascendant	nava_thaara	LH900
src/jhora/panchanga/drik.py	3032	lagna	nava_thaara	LH900
src/jhora/panchanga/drik.py	3035	lagna	special_thaara	LH900
src/jhora/panchanga/drik.py	3039	ascendant	special_thaara	LH900
src/jhora/panchanga/drik.py	3039	lagna	special_thaara	LH900
src/jhora/panchanga/drik.py	3040	lagna	special_thaara	LH900
src/jhora/panchanga/drik.py	3047	lagna	karaka_tithi	LH900
src/jhora/panchanga/drik.py	3062	lagna	karaka_yogam	LH900
src/jhora/panchanga/drik.py	3356	divisional_chart_factor	is_night_birth	LH900
src/jhora/panchanga/drik.py	3357	ascendant	is_night_birth	LH900
src/jhora/panchanga/surya_sidhantha.py	107	ascendant	ascendant_new	LH900
src/jhora/panchanga/surya_sidhantha.py	143	ascendant	ascendant	LH13
src/jhora/panchanga/surya_sidhantha.py	178	houses_ex	_delination	LH900
src/jhora/panchanga/surya_sidhantha.py	178	set_ayanamsa_mode	_delination	LH900
src/jhora/panchanga/surya_sidhantha.py	180	ascendant	_delination	LH900
src/jhora/panchanga/surya_sidhantha.py	375	set_ayanamsa_mode	planet_positions	LH14
src/jhora/panchanga/surya_sidhantha.py	386	ascendant	planet_positions	LH14
src/jhora/panchanga/surya_sidhantha.py	387	ascendant	planet_positions	LH14
src/jhora/panchanga/surya_sidhantha.py	389	ascendant	planet_positions	LH14
src/jhora/panchanga/surya_sidhantha.py	390	ascendant	planet_positions	LH14
src/jhora/panchanga/surya_sidhantha.py	518	set_ayanamsa_mode	_balachandra_rao_basic_program	LH900
src/jhora/panchanga/surya_sidhantha.py	539	ascendant	_balachandra_rao_basic_program	LH900
src/jhora/panchanga/surya_sidhantha.py	549	ascendant	_balachandra_rao_basic_program	LH900
src/jhora/utils.py	147	divisional_chart_factor	_validate_data	LH900
src/jhora/utils.py	344	lagna	get_planet_to_house_dict_from_chart	LH10
src/jhora/utils.py	348	lagna	get_planet_to_house_dict_from_chart	LH10
src/jhora/utils.py	350	ascendant	get_planet_to_house_dict_from_chart	LH10
src/jhora/utils.py	363	lagna	get_house_planet_list_from_planet_positions	LH11
src/jhora/utils.py	929	divisional_chart_factor	__varga_non_cyclic	LH900
src/jhora/utils.py	1016	lagna	_convert_1d_house_data_to_2d	LH900
src/jhora/utils.py	1017	lagna	_convert_1d_house_data_to_2d	LH900
src/jhora/utils.py	1019	lagna	_convert_1d_house_data_to_2d	LH900
src/jhora/utils.py	1021	lagna	_convert_1d_house_data_to_2d	LH900
src/jhora/utils.py	1022	lagna	_convert_1d_house_data_to_2d	LH900
src/jhora/utils.py	1023	lagna	_convert_1d_house_data_to_2d	LH900
src/jhora/utils.py	1024	lagna	_convert_1d_house_data_to_2d	LH900
src/jhora/utils.py	1025	lagna	_convert_1d_house_data_to_2d	LH900
src/jhora/utils.py	1026	lagna	_convert_1d_house_data_to_2d	LH900
src/jhora/utils.py	1027	lagna	_convert_1d_house_data_to_2d	LH900
src/jhora/utils.py	1028	lagna	_convert_1d_house_data_to_2d	LH900
src/jhora/utils.py	1281	ascendant	is_planet_in_debilitation	LH900
src/jhora/utils.py	1325	ascendant	is_planet_weak	LH900
