file	line	pattern	function_context	anchor_id	scope_class
Scope-EngineAudit	0	gochara_engine	not_found_in_engine_scope	ABSENCE-OF-GOCHARA-ENGINE	engine_core
src/jhora/const.py	180	tropical_year	<module>	TT900	engine_core
src/jhora/const.py	213	varsha_vimsottari	<module>	TT900	engine_core
src/jhora/const.py	214	varsha_vimsottari	<module>	TT900	engine_core
src/jhora/const.py	215	varsha_vimsottari	<module>	TT900	engine_core
src/jhora/const.py	216	varsha_vimsottari	<module>	TT900	engine_core
src/jhora/const.py	491	pancha_vargeeya_bala	<module>	TT900	engine_core
src/jhora/const.py	491	pancha_vargeeya_bala_strength_threshold	<module>	TT900	engine_core
src/jhora/const.py	497	annual_chart	<module>	TT900	engine_core
src/jhora/horoscope/chart/charts.py	80	next_solar_date	rasi_chart	TT900	engine_core
src/jhora/horoscope/chart/charts.py	1856	solar_longitude	solar_upagraha_longitudes	TT900	engine_core
src/jhora/horoscope/chart/charts.py	1857	solar_longitude	solar_upagraha_longitudes	TT900	engine_core
src/jhora/horoscope/chart/charts.py	2063	inverse_lagrange	next_planet_entry_date_divisional_chart	TT900	engine_core
src/jhora/horoscope/chart/charts.py	2116	inverse_lagrange	next_planet_entry_date_mixed_chart	TT900	engine_core
src/jhora/horoscope/chart/charts.py	2177	inverse_lagrange	next_conjunction_of_planet_pair_divisional_chart	TT900	engine_core
src/jhora/horoscope/chart/strength.py	361	pancha_vargeeya_bala	pancha_vargeeya_bala	TT900	engine_core
src/jhora/horoscope/dhasa/annual/mudda.py	22	mudda	<module>	TT900	engine_core
src/jhora/horoscope/dhasa/annual/mudda.py	32	tropical_year	<module>	TT900	engine_core
src/jhora/horoscope/dhasa/annual/mudda.py	33	varsha_vimsottari	<module>	TT900	engine_core
src/jhora/horoscope/dhasa/annual/mudda.py	36	varsha_vimsottari	varsha_vimsottari_next_adhipati	TT900	engine_core
src/jhora/horoscope/dhasa/annual/mudda.py	38	varsha_vimsottari	varsha_vimsottari_next_adhipati	TT900	engine_core
src/jhora/horoscope/dhasa/annual/mudda.py	39	varsha_vimsottari	varsha_vimsottari_next_adhipati	TT900	engine_core
src/jhora/horoscope/dhasa/annual/mudda.py	40	varsha_vimsottari	varsha_vimsottari_next_adhipati	TT900	engine_core
src/jhora/horoscope/dhasa/annual/mudda.py	43	varsha_vimsottari	varsha_vimsottari_dasha_start_date	TT900	engine_core
src/jhora/horoscope/dhasa/annual/mudda.py	53	varsha_vimsottari	varsha_vimsottari_dasha_start_date	TT900	engine_core
src/jhora/horoscope/dhasa/annual/mudda.py	54	varsha_vimsottari	varsha_vimsottari_dasha_start_date	TT900	engine_core
src/jhora/horoscope/dhasa/annual/mudda.py	59	varsha_vimsottari	varsha_vimsottari_mahadasa	TT900	engine_core
src/jhora/horoscope/dhasa/annual/mudda.py	61	varsha_vimsottari	varsha_vimsottari_mahadasa	TT900	engine_core
src/jhora/horoscope/dhasa/annual/mudda.py	65	varsha_vimsottari	varsha_vimsottari_mahadasa	TT900	engine_core
src/jhora/horoscope/dhasa/annual/mudda.py	68	varsha_vimsottari	varsha_vimsottari_mahadasa	TT900	engine_core
src/jhora/horoscope/dhasa/annual/mudda.py	71	varsha_vimsottari	varsha_vimsottari_bhukti	TT900	engine_core
src/jhora/horoscope/dhasa/annual/mudda.py	77	varsha_vimsottari	varsha_vimsottari_bhukti	TT900	engine_core
src/jhora/horoscope/dhasa/annual/mudda.py	81	varsha_vimsottari	varsha_vimsottari_bhukti	TT900	engine_core
src/jhora/horoscope/dhasa/annual/mudda.py	86	varsha_vimsottari	varsha_vimsottari_antara	TT900	engine_core
src/jhora/horoscope/dhasa/annual/mudda.py	92	varsha_vimsottari	varsha_vimsottari_antara	TT900	engine_core
src/jhora/horoscope/dhasa/annual/mudda.py	93	varsha_vimsottari	varsha_vimsottari_antara	TT900	engine_core
src/jhora/horoscope/dhasa/annual/mudda.py	96	varsha_vimsottari	varsha_vimsottari_antara	TT900	engine_core
src/jhora/horoscope/dhasa/annual/mudda.py	108	varsha_vimsottari	compute_varsha_vimsottari_antara_from	TT900	engine_core
src/jhora/horoscope/dhasa/annual/mudda.py	113	varsha_vimsottari	compute_varsha_vimsottari_antara_from	TT900	engine_core
src/jhora/horoscope/dhasa/annual/mudda.py	118	varsha_vimsottari	compute_varsha_vimsottari_antara_from	TT900	engine_core
src/jhora/horoscope/dhasa/annual/mudda.py	122	varsha_vimsottari	varsha_vimsottari_dhasa_bhukthi	TT900	engine_core
src/jhora/horoscope/dhasa/annual/mudda.py	124	mudda	varsha_vimsottari_dhasa_bhukthi	TT900	engine_core
src/jhora/horoscope/dhasa/annual/mudda.py	132	varsha_vimsottari	varsha_vimsottari_dhasa_bhukthi	TT900	engine_core
src/jhora/horoscope/dhasa/annual/mudda.py	138	varsha_vimsottari	varsha_vimsottari_dhasa_bhukthi	TT900	engine_core
src/jhora/horoscope/dhasa/annual/mudda.py	148	mudda	mudda_dhasa_bhukthi	TT900	engine_core
src/jhora/horoscope/dhasa/annual/mudda.py	149	varsha_vimsottari	mudda_dhasa_bhukthi	TT900	engine_core
src/jhora/horoscope/dhasa/annual/mudda.py	155	mudda	mudda_dhasa_bhukthi	TT900	engine_core
src/jhora/horoscope/dhasa/annual/mudda.py	160	mudda	mudda_dhasa_bhukthi	TT900	engine_core
src/jhora/horoscope/dhasa/annual/mudda.py	160	varsha_vimsottari	mudda_dhasa_bhukthi	TT900	engine_core
src/jhora/horoscope/dhasa/annual/patyayini.py	24	patyayini	patyayini_dhasa	TT900	engine_core
src/jhora/horoscope/dhasa/annual/patyayini.py	32	patyayini	patyayini_dhasa	TT900	engine_core
src/jhora/horoscope/dhasa/annual/patyayini.py	72	patyayini	patyayini_dhasa	TT900	engine_core
src/jhora/horoscope/dhasa/graha/ashtottari.py	30	tropical_year	<module>	TT900	residual
src/jhora/horoscope/dhasa/graha/kaala.py	79	next_solar_date	get_dhasa_antardhasa	TT900	residual
src/jhora/horoscope/dhasa/graha/vimsottari.py	28	tropical_year	<module>	TT900	residual
src/jhora/horoscope/dhasa/raasi/chakra.py	69	next_solar_date	get_dhasa_antardhasa	TT900	residual
src/jhora/horoscope/dhasa/raasi/lagnamsaka.py	29	varsha_narayana	get_dhasa_antardhasa	TT900	residual
src/jhora/horoscope/dhasa/raasi/narayana.py	25	varsha_narayana	_dhasa_duration	TT900	engine_core
src/jhora/horoscope/dhasa/raasi/narayana.py	48	varsha_narayana	_dhasa_duration	TT900	engine_core
src/jhora/horoscope/dhasa/raasi/narayana.py	51	varsha_narayana	_narayana_dhasa_calculation	TT900	engine_core
src/jhora/horoscope/dhasa/raasi/narayana.py	54	varsha_narayana	_narayana_dhasa_calculation	TT900	engine_core
src/jhora/horoscope/dhasa/raasi/narayana.py	63	next_solar_date	_narayana_dhasa_calculation	TT900	engine_core
src/jhora/horoscope/dhasa/raasi/narayana.py	65	varsha_narayana	_narayana_dhasa_calculation	TT900	engine_core
src/jhora/horoscope/dhasa/raasi/narayana.py	99	varsha_narayana	_narayana_dhasa_calculation	TT900	engine_core
src/jhora/horoscope/dhasa/raasi/narayana.py	129	varsha_narayana	narayana_dhasa_for_divisional_chart	TT900	engine_core
src/jhora/horoscope/dhasa/raasi/narayana.py	138	varsha_narayana	narayana_dhasa_for_rasi_chart	TT900	engine_core
src/jhora/horoscope/dhasa/raasi/narayana.py	161	varsha_narayana	varsha_narayana_dhasa_bhukthi	TT900	engine_core
src/jhora/horoscope/dhasa/raasi/narayana.py	163	next_solar_date	varsha_narayana_dhasa_bhukthi	TT900	engine_core
src/jhora/horoscope/dhasa/raasi/narayana.py	173	varsha_narayana	varsha_narayana_dhasa_bhukthi	TT900	engine_core
src/jhora/horoscope/dhasa/raasi/narayana.py	180	varsha_narayana	varsha_narayana_dhasa_bhukthi	TT900	engine_core
src/jhora/horoscope/dhasa/raasi/padhanadhamsa.py	34	varsha_narayana	get_dhasa_antardhasa	TT900	residual
src/jhora/horoscope/dhasa/raasi/padhanadhamsa.py	35	varsha_narayana	get_dhasa_antardhasa	TT900	residual
src/jhora/horoscope/dhasa/raasi/trikona.py	34	varsha_narayana	get_dhasa_antardhasa	TT900	residual
src/jhora/horoscope/main.py	103	next_solar_date	__init__	TT900	consumer_core
src/jhora/horoscope/main.py	921	pancha_vargeeya_bala	_get_other_bala	TT900	consumer_core
src/jhora/horoscope/main.py	1074	patyayini	_get_annual_dhasa_bhukthi	TT900	consumer_core
src/jhora/horoscope/main.py	1075	mudda	_get_annual_dhasa_bhukthi	TT900	consumer_core
src/jhora/horoscope/main.py	1075	varsha_vimsottari	_get_annual_dhasa_bhukthi	TT900	consumer_core
src/jhora/horoscope/main.py	1076	varsha_narayana	_get_annual_dhasa_bhukthi	TT900	consumer_core
src/jhora/horoscope/main.py	1077	mudda	_get_annual_dhasa_bhukthi	TT900	consumer_core
src/jhora/horoscope/main.py	1077	patyayini	_get_annual_dhasa_bhukthi	TT900	consumer_core
src/jhora/horoscope/main.py	1077	varsha_narayana	_get_annual_dhasa_bhukthi	TT900	consumer_core
src/jhora/horoscope/main.py	1078	varsha_narayana	_get_varsha_narayana_dhasa	TT900	consumer_core
src/jhora/horoscope/main.py	1080	varsha_narayana	_get_varsha_narayana_dhasa	TT900	consumer_core
src/jhora/horoscope/main.py	1087	varsha_vimsottari	_get_varsha_vimsottari_dhasa	TT900	consumer_core
src/jhora/horoscope/main.py	1088	mudda	_get_varsha_vimsottari_dhasa	TT900	consumer_core
src/jhora/horoscope/main.py	1089	mudda	_get_varsha_vimsottari_dhasa	TT900	consumer_core
src/jhora/horoscope/main.py	1089	varsha_vimsottari	_get_varsha_vimsottari_dhasa	TT900	consumer_core
src/jhora/horoscope/main.py	1097	patyayini	_get_patyatini_dhasa_bhukthi	TT900	consumer_core
src/jhora/horoscope/main.py	1098	next_solar_date	_get_patyatini_dhasa_bhukthi	TT900	consumer_core
src/jhora/horoscope/main.py	1099	patyayini	_get_patyatini_dhasa_bhukthi	TT900	consumer_core
src/jhora/horoscope/transit/tajaka.py	25	tropical_year	<module>	TT900	engine_core
src/jhora/horoscope/transit/tajaka.py	30	muntha	<module>	TT900	engine_core
src/jhora/horoscope/transit/tajaka.py	31	muntha	<module>	TT900	engine_core
src/jhora/horoscope/transit/tajaka.py	31	muntha_house	<module>	TT900	engine_core
src/jhora/horoscope/transit/tajaka.py	354	varsha_pravesh	varsha_pravesh	TT900	engine_core
src/jhora/horoscope/transit/tajaka.py	355	annual_chart	varsha_pravesh	TT900	engine_core
src/jhora/horoscope/transit/tajaka.py	356	annual_chart	annual_chart_approximate	TT900	engine_core
src/jhora/horoscope/transit/tajaka.py	391	annual_chart	annual_chart	TT900	engine_core
src/jhora/horoscope/transit/tajaka.py	394	varsha_pravesh	annual_chart	TT900	engine_core
src/jhora/horoscope/transit/tajaka.py	406	next_solar_date	annual_chart	TT900	engine_core
src/jhora/horoscope/transit/tajaka.py	412	maasa_pravesh	maasa_pravesh	TT900	engine_core
src/jhora/horoscope/transit/tajaka.py	417	maasa_pravesh	monthly_chart	TT900	engine_core
src/jhora/horoscope/transit/tajaka.py	430	next_solar_date	monthly_chart	TT900	engine_core
src/jhora/horoscope/transit/tajaka.py	434	sixty_hour_chart	sixty_hour_chart	TT900	engine_core
src/jhora/horoscope/transit/tajaka.py	446	next_solar_date	sixty_hour_chart	TT900	engine_core
src/jhora/horoscope/transit/tajaka.py	451	_get_lord_candidates	_get_lord_candidates	TT900	engine_core
src/jhora/horoscope/transit/tajaka.py	462	muntha	_get_lord_candidates	TT900	engine_core
src/jhora/horoscope/transit/tajaka.py	462	muntha_house	_get_lord_candidates	TT900	engine_core
src/jhora/horoscope/transit/tajaka.py	482	lord_of_the_year	_get_the_lord_of_tajaka_chart	TT900	engine_core
src/jhora/horoscope/transit/tajaka.py	483	lord_of_the_year	_get_the_lord_of_tajaka_chart	TT900	engine_core
src/jhora/horoscope/transit/tajaka.py	488	lord_of_the_year	_get_the_lord_of_tajaka_chart	TT900	engine_core
src/jhora/horoscope/transit/tajaka.py	489	lord_of_the_year	_get_the_lord_of_tajaka_chart	TT900	engine_core
src/jhora/horoscope/transit/tajaka.py	492	pancha_vargeeya_bala	_get_the_lord_of_tajaka_chart	TT900	engine_core
src/jhora/horoscope/transit/tajaka.py	494	lord_of_the_year	_get_the_lord_of_tajaka_chart	TT900	engine_core
src/jhora/horoscope/transit/tajaka.py	496	pancha_vargeeya_bala	_get_the_lord_of_tajaka_chart	TT900	engine_core
src/jhora/horoscope/transit/tajaka.py	496	pancha_vargeeya_bala_strength_threshold	_get_the_lord_of_tajaka_chart	TT900	engine_core
src/jhora/horoscope/transit/tajaka.py	497	lord_of_the_year	_get_the_lord_of_tajaka_chart	TT900	engine_core
src/jhora/horoscope/transit/tajaka.py	498	lord_of_the_year	_get_the_lord_of_tajaka_chart	TT900	engine_core
src/jhora/horoscope/transit/tajaka.py	499	lord_of_the_year	_get_the_lord_of_tajaka_chart	TT900	engine_core
src/jhora/horoscope/transit/tajaka.py	501	lord_of_the_year	_get_the_lord_of_tajaka_chart	TT900	engine_core
src/jhora/horoscope/transit/tajaka.py	502	lord_of_the_year	_get_the_lord_of_tajaka_chart	TT900	engine_core
src/jhora/horoscope/transit/tajaka.py	503	lord_of_the_year	_get_the_lord_of_tajaka_chart	TT900	engine_core
src/jhora/horoscope/transit/tajaka.py	504	lord_of_the_year	lord_of_the_year	TT900	engine_core
src/jhora/horoscope/transit/tajaka.py	533	_get_lord_candidates	lord_of_the_year	TT900	engine_core
src/jhora/horoscope/transit/tajaka.py	535	lord_of_the_month	lord_of_the_month	TT900	engine_core
src/jhora/horoscope/transit/tajaka.py	551	lord_of_the_year	lord_of_the_month	TT900	engine_core
src/jhora/horoscope/transit/tajaka.py	566	_get_lord_candidates	lord_of_the_month	TT900	engine_core
src/jhora/horoscope/transit/tajaka.py	575	ithasala	both_planets_within_their_deeptamsa	TT900	engine_core
src/jhora/horoscope/transit/tajaka.py	576	ithasala	both_planets_within_their_deeptamsa	TT900	engine_core
src/jhora/horoscope/transit/tajaka.py	582	ithasala	both_planets_within_their_deeptamsa	TT900	engine_core
src/jhora/horoscope/transit/tajaka.py	587	ithasala	both_planets_within_their_deeptamsa	TT900	engine_core
src/jhora/horoscope/transit/tajaka.py	592	ithasala	both_planets_within_their_deeptamsa	TT900	engine_core
src/jhora/horoscope/transit/tajaka.py	595	ithasala	both_planets_within_their_deeptamsa	TT900	engine_core
src/jhora/horoscope/transit/tajaka.py	596	ithasala	both_planets_within_their_deeptamsa	TT900	engine_core
src/jhora/horoscope/transit/tajaka.py	597	ithasala	both_planets_within_their_deeptamsa	TT900	engine_core
src/jhora/horoscope/transit/tajaka.py	599	ithasala	both_planets_within_their_deeptamsa	TT900	engine_core
src/jhora/horoscope/transit/tajaka.py	600	ithasala	both_planets_within_their_deeptamsa	TT900	engine_core
src/jhora/horoscope/transit/tajaka.py	602	ithasala	both_planets_within_their_deeptamsa	TT900	engine_core
src/jhora/horoscope/transit/tajaka.py	603	ithasala	both_planets_within_their_deeptamsa	TT900	engine_core
src/jhora/horoscope/transit/tajaka.py	646	ithasala	both_planets_approaching	TT900	engine_core
src/jhora/horoscope/transit/tajaka_yoga.py	58	ithasala	ithasala_yoga	TT900	engine_core
src/jhora/horoscope/transit/tajaka_yoga.py	60	ithasala	ithasala_yoga	TT900	engine_core
src/jhora/horoscope/transit/tajaka_yoga.py	62	ithasala	ithasala_yoga	TT900	engine_core
src/jhora/horoscope/transit/tajaka_yoga.py	70	ithasala	ithasala_yoga	TT900	engine_core
src/jhora/horoscope/transit/tajaka_yoga.py	73	ithasala	ithasala_yoga	TT900	engine_core
src/jhora/horoscope/transit/tajaka_yoga.py	74	ithasala	ithasala_yoga_from_jd_place	TT900	engine_core
src/jhora/horoscope/transit/tajaka_yoga.py	76	ithasala	ithasala_yoga_from_jd_place	TT900	engine_core
src/jhora/horoscope/transit/tajaka_yoga.py	78	ithasala	ithasala_yoga_from_jd_place	TT900	engine_core
src/jhora/horoscope/transit/tajaka_yoga.py	87	ithasala	ithasala_yoga_from_jd_place	TT900	engine_core
src/jhora/horoscope/transit/tajaka_yoga.py	90	ithasala	ithasala_yoga_from_jd_place	TT900	engine_core
src/jhora/horoscope/transit/tajaka_yoga.py	91	eesarpha	eesarpha_yoga	TT900	engine_core
src/jhora/horoscope/transit/tajaka_yoga.py	100	ithasala	eesarpha_yoga	TT900	engine_core
src/jhora/horoscope/transit/tajaka_yoga.py	108	ithasala	_check_nakta_yoga_1	TT900	engine_core
src/jhora/horoscope/transit/tajaka_yoga.py	109	eesarpha	_check_nakta_yoga_1	TT900	engine_core
src/jhora/horoscope/transit/tajaka_yoga.py	117	ithasala	_check_nakta_yoga	TT900	engine_core
src/jhora/horoscope/transit/tajaka_yoga.py	118	ithasala	_check_nakta_yoga	TT900	engine_core
src/jhora/horoscope/transit/tajaka_yoga.py	136	ithasala	_get_nakta_triples	TT900	engine_core
src/jhora/horoscope/transit/tajaka_yoga.py	139	ithasala	_get_nakta_triples	TT900	engine_core
src/jhora/horoscope/transit/tajaka_yoga.py	143	ithasala	_get_nakta_triples	TT900	engine_core
src/jhora/horoscope/transit/tajaka_yoga.py	153	ithasala	get_nakta_yoga_planet_triples	TT900	engine_core
src/jhora/horoscope/transit/tajaka_yoga.py	159	ithasala	get_nakta_yoga_planet_triples	TT900	engine_core
src/jhora/horoscope/transit/tajaka_yoga.py	160	ithasala	get_nakta_yoga_planet_triples	TT900	engine_core
src/jhora/horoscope/transit/tajaka_yoga.py	192	ithasala	check_yamaya_yoga	TT900	engine_core
src/jhora/horoscope/transit/tajaka_yoga.py	193	ithasala	check_yamaya_yoga	TT900	engine_core
src/jhora/horoscope/transit/tajaka_yoga.py	194	ithasala	check_yamaya_yoga	TT900	engine_core
src/jhora/horoscope/transit/tajaka_yoga.py	208	ithasala	get_yamaya_yoga_planet_triples	TT900	engine_core
src/jhora/horoscope/transit/tajaka_yoga.py	214	ithasala	get_yamaya_yoga_planet_triples	TT900	engine_core
src/jhora/horoscope/transit/tajaka_yoga.py	215	ithasala	get_yamaya_yoga_planet_triples	TT900	engine_core
src/jhora/horoscope/transit/tajaka_yoga.py	232	eesarpha	get_eesarpha_yoga_planet_pairs	TT900	engine_core
src/jhora/horoscope/transit/tajaka_yoga.py	236	eesarpha	get_eesarpha_yoga_planet_pairs	TT900	engine_core
src/jhora/horoscope/transit/tajaka_yoga.py	241	eesarpha	get_eesarpha_yoga_planet_pairs	TT900	engine_core
src/jhora/horoscope/transit/tajaka_yoga.py	245	ithasala	get_ithasala_yoga_planet_pairs	TT900	engine_core
src/jhora/horoscope/transit/tajaka_yoga.py	247	ithasala	get_ithasala_yoga_planet_pairs	TT900	engine_core
src/jhora/horoscope/transit/tajaka_yoga.py	249	ithasala	get_ithasala_yoga_planet_pairs	TT900	engine_core
src/jhora/horoscope/transit/tajaka_yoga.py	255	ithasala	get_ithasala_yoga_planet_pairs	TT900	engine_core
src/jhora/horoscope/transit/tajaka_yoga.py	266	ithasala	get_manahoo_yoga_planet_pairs	TT900	engine_core
src/jhora/horoscope/transit/tajaka_yoga.py	269	ithasala	get_manahoo_yoga_planet_pairs	TT900	engine_core
src/jhora/horoscope/transit/tajaka_yoga.py	285	kamboola	get_kamboola_yoga_planet_pairs	TT900	engine_core
src/jhora/horoscope/transit/tajaka_yoga.py	287	kamboola	get_kamboola_yoga_planet_pairs	TT900	engine_core
src/jhora/horoscope/transit/tajaka_yoga.py	289	kamboola	get_kamboola_yoga_planet_pairs	TT900	engine_core
src/jhora/horoscope/transit/tajaka_yoga.py	292	ithasala	get_kamboola_yoga_planet_pairs	TT900	engine_core
src/jhora/horoscope/transit/tajaka_yoga.py	301	kamboola	get_gairi_kamboola_yoga_planet_pairs	TT900	engine_core
src/jhora/horoscope/transit/tajaka_yoga.py	315	ithasala	get_radda_yoga_planet_pairs	TT900	engine_core
src/jhora/horoscope/transit/tajaka_yoga.py	336	ithasala	get_duhphali_kutta_yoga_planet_pairs	TT900	engine_core
src/jhora/horoscope/transit/tajaka_yoga.py	345	ithasala	get_duhphali_kutta_yoga_planet_pairs	TT900	engine_core
src/jhora/horoscope/transit/tajaka_yoga.py	351	pancha_vargeeya_bala	get_duhphali_kutta_yoga_planet_pairs	TT900	engine_core
src/jhora/horoscope/transit/tajaka_yoga.py	353	pancha_vargeeya_bala	get_duhphali_kutta_yoga_planet_pairs	TT900	engine_core
src/jhora/horoscope/transit/tajaka_yoga.py	353	pancha_vargeeya_bala_strength_threshold	get_duhphali_kutta_yoga_planet_pairs	TT900	engine_core
src/jhora/horoscope/transit/tajaka_yoga.py	361	pancha_vargeeya_bala	get_duhphali_kutta_yoga_planet_pairs	TT900	engine_core
src/jhora/horoscope/transit/tajaka_yoga.py	361	pancha_vargeeya_bala_strength_threshold	get_duhphali_kutta_yoga_planet_pairs	TT900	engine_core
src/jhora/horoscope/transit/tajaka_yoga.py	383	ithasala	nakta_yoga	TT900	engine_core
src/jhora/horoscope/transit/tajaka_yoga.py	385	ithasala	nakta_yoga	TT900	engine_core
src/jhora/horoscope/transit/tajaka_yoga.py	400	ithasala	nakta_yoga	TT900	engine_core
src/jhora/horoscope/transit/tajaka_yoga.py	401	ithasala	nakta_yoga	TT900	engine_core
src/jhora/horoscope/transit/tajaka_yoga.py	402	eesarpha	nakta_yoga	TT900	engine_core
src/jhora/horoscope/transit/tajaka_yoga.py	403	eesarpha	nakta_yoga	TT900	engine_core
src/jhora/horoscope/transit/tajaka_yoga.py	430	kamboola	nakta_yoga	TT900	engine_core
src/jhora/horoscope/transit/tajaka_yoga.py	431	kamboola	nakta_yoga	TT900	engine_core
src/jhora/horoscope/transit/tajaka_yoga.py	438	eesarpha	nakta_yoga	TT900	engine_core
src/jhora/horoscope/transit/tajaka_yoga.py	439	eesarpha	nakta_yoga	TT900	engine_core
src/jhora/panchanga/drik.py	176	solar_longitude	_solar_daily_motion	TT900	engine_core
src/jhora/panchanga/drik.py	177	solar_longitude	_solar_daily_motion	TT900	engine_core
src/jhora/panchanga/drik.py	204	sidereal_longitude	sidereal_longitude	TT900	engine_core
src/jhora/panchanga/drik.py	342	solar_longitude	lat_distance	TT900	engine_core
src/jhora/panchanga/drik.py	342	sidereal_longitude	lat_distance	TT900	engine_core
src/jhora/panchanga/drik.py	343	sidereal_longitude	lat_distance	TT900	engine_core
src/jhora/panchanga/drik.py	494	sidereal_longitude	_get_tithi	TT900	engine_core
src/jhora/panchanga/drik.py	495	sidereal_longitude	_get_tithi	TT900	engine_core
src/jhora/panchanga/drik.py	500	inverse_lagrange	_get_tithi	TT900	engine_core
src/jhora/panchanga/drik.py	517	inverse_lagrange	_get_tithi	TT900	engine_core
src/jhora/panchanga/drik.py	574	inverse_lagrange	tithi	TT900	engine_core
src/jhora/panchanga/drik.py	575	inverse_lagrange	tithi_using_inverse_lagrange	TT900	engine_core
src/jhora/panchanga/drik.py	606	sidereal_longitude	_special_tithi_phase	TT900	engine_core
src/jhora/panchanga/drik.py	607	sidereal_longitude	_special_tithi_phase	TT900	engine_core
src/jhora/panchanga/drik.py	634	inverse_lagrange	raasi	TT900	engine_core
src/jhora/panchanga/drik.py	644	inverse_lagrange	raasi	TT900	engine_core
src/jhora/panchanga/drik.py	662	sidereal_longitude	_get_nakshathra	TT900	engine_core
src/jhora/panchanga/drik.py	676	inverse_lagrange	_get_nakshathra	TT900	engine_core
src/jhora/panchanga/drik.py	684	inverse_lagrange	_get_nakshathra	TT900	engine_core
src/jhora/panchanga/drik.py	701	sidereal_longitude	_get_nakshathra_old	TT900	engine_core
src/jhora/panchanga/drik.py	706	inverse_lagrange	_get_nakshathra_old	TT900	engine_core
src/jhora/panchanga/drik.py	712	inverse_lagrange	_get_nakshathra_old	TT900	engine_core
src/jhora/panchanga/drik.py	773	sidereal_longitude	_special_yoga_phase	TT900	engine_core
src/jhora/panchanga/drik.py	774	sidereal_longitude	_special_yoga_phase	TT900	engine_core
src/jhora/panchanga/drik.py	795	solar_longitude	_get_yogam	TT900	engine_core
src/jhora/panchanga/drik.py	802	inverse_lagrange	_get_yogam	TT900	engine_core
src/jhora/panchanga/drik.py	814	inverse_lagrange	_get_yogam	TT900	engine_core
src/jhora/panchanga/drik.py	1019	inverse_lagrange	new_moon	TT900	engine_core
src/jhora/panchanga/drik.py	1035	inverse_lagrange	full_moon	TT900	engine_core
src/jhora/panchanga/drik.py	1056	inverse_lagrange	next_tithi	TT900	engine_core
src/jhora/panchanga/drik.py	1058	solar_longitude	next_tithi	TT900	engine_core
src/jhora/panchanga/drik.py	1103	solar_longitude	lunar_phase	TT900	engine_core
src/jhora/panchanga/drik.py	1307	sidereal_longitude	planetary_positions	TT900	engine_core
src/jhora/panchanga/drik.py	1309	sidereal_longitude	planetary_positions	TT900	engine_core
src/jhora/panchanga/drik.py	1551	sidereal_longitude	dhasavarga	TT900	engine_core
src/jhora/panchanga/drik.py	1553	sidereal_longitude	dhasavarga	TT900	engine_core
src/jhora/panchanga/drik.py	1593	inverse_lagrange	declination_of_planets	TT900	engine_core
src/jhora/panchanga/drik.py	1602	solar_longitude	solar_upagraha_longitudes	TT900	engine_core
src/jhora/panchanga/drik.py	1616	solar_longitude	solar_upagraha_longitudes	TT900	engine_core
src/jhora/panchanga/drik.py	2007	solar_longitude	tamil_solar_month_and_date_V4_3_8	TT900	engine_core
src/jhora/panchanga/drik.py	2014	solar_longitude	tamil_solar_month_and_date_V4_3_8	TT900	engine_core
src/jhora/panchanga/drik.py	2030	solar_longitude	tamil_solar_month_and_date_V4_3_5	TT900	engine_core
src/jhora/panchanga/drik.py	2037	solar_longitude	tamil_solar_month_and_date_V4_3_5	TT900	engine_core
src/jhora/panchanga/drik.py	2045	solar_longitude	tamil_solar_month_and_date_RaviAnnnaswamy	TT900	engine_core
src/jhora/panchanga/drik.py	2052	solar_longitude	tamil_solar_month_and_date_RaviAnnnaswamy	TT900	engine_core
src/jhora/panchanga/drik.py	2083	solar_longitude	tamil_solar_month_and_date_new	TT900	engine_core
src/jhora/panchanga/drik.py	2092	solar_longitude	tamil_solar_month_and_date_new	TT900	engine_core
src/jhora/panchanga/drik.py	2098	solar_longitude	tamil_solar_month_and_date_from_jd	TT900	engine_core
src/jhora/panchanga/drik.py	2105	solar_longitude	tamil_solar_month_and_date_from_jd	TT900	engine_core
src/jhora/panchanga/drik.py	2112	solar_longitude	days_in_tamil_month	TT900	engine_core
src/jhora/panchanga/drik.py	2118	solar_longitude	days_in_tamil_month	TT900	engine_core
src/jhora/panchanga/drik.py	2132	solar_longitude	_previous_sankranti_date_new	TT900	engine_core
src/jhora/panchanga/drik.py	2140	solar_longitude	_previous_sankranti_date_new	TT900	engine_core
src/jhora/panchanga/drik.py	2146	solar_longitude	_previous_sankranti_date_new	TT900	engine_core
src/jhora/panchanga/drik.py	2147	inverse_lagrange	_previous_sankranti_date_new	TT900	engine_core
src/jhora/panchanga/drik.py	2167	solar_longitude	previous_sankranti_date	TT900	engine_core
src/jhora/panchanga/drik.py	2173	solar_longitude	previous_sankranti_date	TT900	engine_core
src/jhora/panchanga/drik.py	2179	solar_longitude	previous_sankranti_date	TT900	engine_core
src/jhora/panchanga/drik.py	2180	inverse_lagrange	previous_sankranti_date	TT900	engine_core
src/jhora/panchanga/drik.py	2198	solar_longitude	next_sankranti_date	TT900	engine_core
src/jhora/panchanga/drik.py	2204	solar_longitude	next_sankranti_date	TT900	engine_core
src/jhora/panchanga/drik.py	2210	solar_longitude	next_sankranti_date	TT900	engine_core
src/jhora/panchanga/drik.py	2211	inverse_lagrange	next_sankranti_date	TT900	engine_core
src/jhora/panchanga/drik.py	2216	__next_solar_jd	__next_solar_jd	TT900	engine_core
src/jhora/panchanga/drik.py	2221	solar_longitude	__next_solar_jd	TT900	engine_core
src/jhora/panchanga/drik.py	2230	solar_longitude	__next_solar_jd	TT900	engine_core
src/jhora/panchanga/drik.py	2236	solar_longitude	__next_solar_jd	TT900	engine_core
src/jhora/panchanga/drik.py	2238	inverse_lagrange	__next_solar_jd	TT900	engine_core
src/jhora/panchanga/drik.py	2244	next_solar_date	next_solar_date	TT900	engine_core
src/jhora/panchanga/drik.py	2263	tropical_year	next_solar_date	TT900	engine_core
src/jhora/panchanga/drik.py	2270	__next_solar_jd	next_solar_date	TT900	engine_core
src/jhora/panchanga/drik.py	2276	annual_chart	next_annual_solar_date_approximate	TT900	engine_core
src/jhora/panchanga/drik.py	2476	sidereal_longitude	__next_conjunction_of_planet_pair	TT900	engine_core
src/jhora/panchanga/drik.py	2480	sidereal_longitude	__next_conjunction_of_planet_pair	TT900	engine_core
src/jhora/panchanga/drik.py	2482	sidereal_longitude	__next_conjunction_of_planet_pair	TT900	engine_core
src/jhora/panchanga/drik.py	2486	sidereal_longitude	__next_conjunction_of_planet_pair	TT900	engine_core
src/jhora/panchanga/drik.py	2523	sidereal_longitude	next_conjunction_of_planet_pair	TT900	engine_core
src/jhora/panchanga/drik.py	2527	sidereal_longitude	next_conjunction_of_planet_pair	TT900	engine_core
src/jhora/panchanga/drik.py	2529	sidereal_longitude	next_conjunction_of_planet_pair	TT900	engine_core
src/jhora/panchanga/drik.py	2533	sidereal_longitude	next_conjunction_of_planet_pair	TT900	engine_core
src/jhora/panchanga/drik.py	2543	sidereal_longitude	next_conjunction_of_planet_pair	TT900	engine_core
src/jhora/panchanga/drik.py	2547	sidereal_longitude	next_conjunction_of_planet_pair	TT900	engine_core
src/jhora/panchanga/drik.py	2549	sidereal_longitude	next_conjunction_of_planet_pair	TT900	engine_core
src/jhora/panchanga/drik.py	2553	sidereal_longitude	next_conjunction_of_planet_pair	TT900	engine_core
src/jhora/panchanga/drik.py	2560	inverse_lagrange	next_conjunction_of_planet_pair	TT900	engine_core
src/jhora/panchanga/drik.py	2562	sidereal_longitude	next_conjunction_of_planet_pair	TT900	engine_core
src/jhora/panchanga/drik.py	2566	sidereal_longitude	next_conjunction_of_planet_pair	TT900	engine_core
src/jhora/panchanga/drik.py	2568	sidereal_longitude	next_conjunction_of_planet_pair	TT900	engine_core
src/jhora/panchanga/drik.py	2572	sidereal_longitude	next_conjunction_of_planet_pair	TT900	engine_core
src/jhora/panchanga/drik.py	2628	inverse_lagrange	next_ascendant_entry_date	TT900	engine_core
src/jhora/panchanga/drik.py	2662	sidereal_longitude	next_planet_entry_date	TT900	engine_core
src/jhora/panchanga/drik.py	2679	sidereal_longitude	next_planet_entry_date	TT900	engine_core
src/jhora/panchanga/drik.py	2689	sidereal_longitude	next_planet_entry_date	TT900	engine_core
src/jhora/panchanga/drik.py	2691	inverse_lagrange	next_planet_entry_date	TT900	engine_core
src/jhora/panchanga/drik.py	2698	sidereal_longitude	next_planet_entry_date	TT900	engine_core
src/jhora/panchanga/drik.py	2845	sidereal_longitude	vivaha_chakra_palan	TT900	engine_core
src/jhora/panchanga/drik.py	2848	sidereal_longitude	vivaha_chakra_palan	TT900	engine_core
src/jhora/panchanga/drik.py	3158	solar_longitude	aadal_yoga	TT900	engine_core
src/jhora/panchanga/drik.py	3167	solar_longitude	vidaal_yoga	TT900	engine_core
src/jhora/panchanga/surya_sidhantha.py	48	solar_longitude	_mean_solar_longitude	TT900	residual
src/jhora/panchanga/surya_sidhantha.py	291	solar_longitude	_get_sighra_anamoly	TT900	residual
src/jhora/panchanga/surya_sidhantha.py	304	solar_longitude	_get_sighra_correction	TT900	residual
src/jhora/panchanga/surya_sidhantha.py	455	solar_longitude	solar_month_and_date	TT900	residual
src/jhora/panchanga/surya_sidhantha.py	466	solar_longitude	solar_month_and_date	TT900	residual
src/jhora/panchanga/vratha.py	344	inverse_lagrange	_get_conjunction_time_1	TT900	residual
src/jhora/panchanga/vratha.py	364	inverse_lagrange	_get_conjunction_time	TT900	residual
src/jhora/utils.py	631	inverse_lagrange	inverse_lagrange	TT900	residual
src/jhora/horoscope/transit/saham.py	0	scope_presence	scope_presence	TT900	engine_core
